0.000000000000000000e+00,4.951232158194853258e-05,2.635369701127870099e-06,2.933515075759966784e-02,4.764239556278191345e-05,9.703197819224191889e-01,3.630417923495438961e-05,2.102237430870642894e-04
0.000000000000000000e+00,4.955314437909899962e-05,2.672636972041321559e-06,2.933513313261707986e-02,4.762101605476742991e-05,9.703198162670253479e-01,3.631650000711432154e-05,2.102180616852014064e-04
2.203908858559010860e-03,1.551414151209729400e-04,1.420325759459887887e-04,3.787312747039340427e-02,5.411121047031112119e-07,9.591557306169260499e-01,2.425147388594937385e-05,4.465692261606065859e-04
2.203961817573980679e-03,1.551767665387946034e-04,1.420616020517862128e-04,3.787310721511556733e-02,5.101699374653174484e-07,9.591557426157877320e-01,2.424659791185574618e-05,4.465608186712401542e-04
2.679005743884431412e-03,1.242610875240911326e-04,7.601539474737135926e-04,4.069863203838233745e-02,2.046026413589565394e-07,9.539527305330505191e-01,1.375928545491065190e-04,1.648583693095881592e-03
2.679067732076277891e-03,1.242782316187885391e-04,7.601582666703348302e-04,4.069860958949983454e-02,1.725439251109301403e-07,9.539527153124198744e-01,1.375807446117082507e-04,1.648572885972007405e-03
0.000000000000000000e+00,9.962432202422600398e-05,9.147348067396201491e-05,5.024141234648205750e-02,0.000000000000000000e+00,5.886983714158342540e-01,2.081098930869293151e-01,1.527600072540852838e-01
0.000000000000000000e+00,9.962101276589298456e-05,9.147198195782701405e-05,5.024139492002611951e-02,0.000000000000000000e+00,5.886983360293940315e-01,2.081098868252065637e-01,1.527599952453713439e-01
1.540112587799124697e-04,8.428143717245673852e-05,8.023052053135918218e-06,1.085269786484347465e-01,2.376238219752026227e-04,2.442045284438449926e-01,4.360663998899115268e-01,2.107187687561565548e-01
1.540708639763144216e-04,8.427287505673161975e-05,8.027632021023576339e-06,1.085269645761974266e-01,2.376016659924910454e-04,2.442044843580181701e-01,4.360664090753350597e-01,2.107187557920258136e-01
2.725998453520820262e-05,1.489237907170629326e-05,5.411586053708998879e-06,7.731719468110776448e-03,1.038448497615262245e-08,6.140528351505400995e-01,3.671912175085460528e-01,1.097672336955324984e-02
2.731554062903693183e-05,1.487361450318444310e-05,5.409796966012411224e-06,7.731702158859665025e-03,1.038448497615262245e-08,6.140527923028936685e-01,3.671912436766485155e-01,1.097671340792408766e-02
1.826472882073158294e-05,8.756743419566052645e-07,1.563148354498227678e-05,2.707892839995314216e-02,4.259790592005771939e-03,6.353600795572974524e-01,2.666198714646050849e-01,6.664734367753535893e-02
1.830922532224551856e-05,8.503575126390118994e-07,1.563274564005251162e-05,2.707891463089463421e-02,4.259780837012930657e-03,6.353600477718754913e-01,2.666199078103353437e-01,6.664733196084350608e-02
6.860605252732549333e-05,1.784696553023694984e-04,1.124890647365307857e-05,1.441581286026719392e-04,8.324328260365686238e-03,8.607788936238464084e-01,1.254978644404441124e-01,4.995533935180432143e-03
6.862681896013594299e-05,1.784374225066249413e-04,1.125586731028222576e-05,1.441431183020438123e-04,8.324327871676990426e-03,8.607788811499038628e-01,1.254978981268882465e-01,4.995521892014991548e-03
4.841951762063693011e-05,7.461046930426215118e-06,8.375547428958955004e-05,1.545450719731509686e-05,1.520120635853333495e-04,6.858587079593906344e-01,3.090113729041176760e-01,4.823114817710986470e-03
4.840607948315901092e-05,7.439059870967951104e-06,8.376961576315581400e-05,1.543992095080949853e-05,1.520200881691199251e-04,6.858587170276928546e-01,3.090113916230772251e-01,4.823101887237468167e-03
4.561151789482006784e-05,0.000000000000000000e+00,9.722030009945507303e-04,4.217590699282565430e-06,1.899508239719222610e-03,6.504422091793584659e-01,3.238705930581731174e-01,2.276570843346706341e-02
4.556799833209776207e-05,0.000000000000000000e+00,9.722010476310644685e-04,4.204824811477055166e-06,1.899520994673170029e-03,6.504422338148466709e-01,3.238705893226315191e-01,2.276569556741457959e-02
4.000837235139297147e-05,1.885232556270500763e-05,1.707709419405371994e-04,1.147220390937604863e-04,7.585805863925590940e-04,7.297976927504081779e-01,2.283214100756986442e-01,4.077691488691662786e-02
3.993610440814874434e-05,1.885507512468532343e-05,1.707423208691034628e-04,1.147112232871891601e-04,7.585951268753363379e-04,7.297977291106184650e-01,2.283213824655876967e-01,4.077690285737763098e-02
1.450510312825969158e-05,3.097283446029843449e-05,1.095585317364929466e-06,1.030075658625366627e-04,6.142360537100957163e-04,9.253741868074942811e-01,1.245504330751541662e-02,6.140760696932534568e-02
1.440988101377511089e-05,3.099676306777515142e-05,1.045671142345497254e-06,1.029978521776342751e-04,6.142488198379103060e-04,9.253742295833665699e-01,1.245500085210645216e-02,6.140759539708361137e-02
0.000000000000000000e+00,2.500691393531555076e-05,0.000000000000000000e+00,6.899411599302761214e-05,2.478975059678218358e-08,9.916735141776548135e-01,8.959526617566127677e-05,8.143105806095153609e-03
0.000000000000000000e+00,2.504535220314083987e-05,0.000000000000000000e+00,6.898272929671337686e-05,2.478975059678218358e-08,9.916735487719470221e-01,8.955694892257195637e-05,8.143094050982220208e-03
0.000000000000000000e+00,1.484021212582084064e-05,0.000000000000000000e+00,0.000000000000000000e+00,1.627942036482341567e-06,9.998505247866442680e-01,5.605733643157856838e-05,7.725201372153670898e-05
0.000000000000000000e+00,1.487513739645301929e-05,0.000000000000000000e+00,0.000000000000000000e+00,1.626188870517261907e-06,9.998505361181421192e-01,5.603992407867164517e-05,7.724011648325491194e-05
0.000000000000000000e+00,1.103294764241256316e-06,0.000000000000000000e+00,0.000000000000000000e+00,0.000000000000000000e+00,9.999768451257157187e-01,2.052978401225986755e-05,1.755804559659280372e-06
0.000000000000000000e+00,1.118810178202511239e-06,0.000000000000000000e+00,0.000000000000000000e+00,0.000000000000000000e+00,9.999768281448724316e-01,2.053706693351204716e-05,1.743937205397571970e-06
0.000000000000000000e+00,1.679008518700869917e-05,0.000000000000000000e+00,2.649296851233670448e-06,2.874955042473425638e-07,9.998262576809830993e-01,1.829088330677690696e-05,1.359451510106070684e-04
0.000000000000000000e+00,1.677947077103291484e-05,0.000000000000000000e+00,2.637849627578746799e-06,2.874955042473425638e-07,9.998262198696110659e-01,1.831112690276981178e-05,1.359335005739086054e-04
0.000000000000000000e+00,0.000000000000000000e+00,0.000000000000000000e+00,0.000000000000000000e+00,0.000000000000000000e+00,9.999033833169570507e-01,9.761473524636008305e-05,0.000000000000000000e+00
0.000000000000000000e+00,0.000000000000000000e+00,0.000000000000000000e+00,0.000000000000000000e+00,0.000000000000000000e+00,9.999033413359318390e-01,9.762712501150153598e-05,0.000000000000000000e+00
0.000000000000000000e+00,8.193207828522784274e-05,5.095936075075388743e-04,7.404939170874858944e-05,4.637356531206760223e-05,9.971546406854010502e-01,1.454904916764968546e-03,6.774735479948549481e-04
0.000000000000000000e+00,8.189401834762719521e-05,5.096168470760557368e-04,7.403897261428151095e-05,4.637099761178815937e-05,9.971546129798987135e-01,1.454891155120451463e-03,6.774628736646427871e-04
0.000000000000000000e+00,7.673080772210575848e-05,2.560132394424419460e-03,1.286308175000805626e-04,5.340469453919349796e-02,6.790814122401154229e-01,2.071580280263621288e-01,5.758960885115706890e-02
0.000000000000000000e+00,7.670686317538587078e-05,2.560114375617691517e-03,1.286234587087292766e-04,5.340469961768352231e-02,6.790814045814375088e-01,2.071579873747186884e-01,5.758959890222060951e-02
0.000000000000000000e+00,2.223719694762799397e-06,2.668013344646101307e-06,2.471262684370985774e-04,3.646298651360804777e-02,3.581994027577785067e-01,5.730522078026443200e-01,3.203253653803531803e-02
0.000000000000000000e+00,2.211671504546688518e-06,2.613629579826485298e-06,2.471214900178213443e-04,3.646299687145026364e-02,3.581994027994108709e-01,5.730521560512812362e-01,3.203252807324051543e-02
9.403621458817267966e-06,1.752236715813873026e-04,2.180183882958995286e-05,6.017265511151889852e-04,5.047617041169524072e-04,3.787464337452674523e-01,5.480511151730264041e-01,7.189196382202646396e-02
9.378740343830419248e-06,1.752191598528101920e-04,2.172460192563528192e-05,6.017268569570317222e-04,5.047751900536051823e-04,3.787464322853248966e-01,5.480510671913944032e-01,7.189195897187226902e-02
0.000000000000000000e+00,1.519041107357351579e-03,0.000000000000000000e+00,6.732375917966628136e-04,6.637715870392066992e-04,6.716615442434774597e-01,2.738239117076942675e-01,5.165784647336146146e-02
0.000000000000000000e+00,1.519050271596192889e-03,0.000000000000000000e+00,6.732400449318683101e-04,6.637875555008248022e-04,6.716615512529928722e-01,2.738238689910512114e-01,5.165784607164469744e-02
0.000000000000000000e+00,1.023971605184498040e-03,0.000000000000000000e+00,7.985900471241177143e-05,3.701674251590956279e-05,8.540640543808027951e-01,1.041502949395504002e-01,4.064414328981025282e-02
0.000000000000000000e+00,1.024000334736882697e-03,0.000000000000000000e+00,7.986268102489770503e-05,3.703286531416792864e-05,8.540640840533617606e-01,1.041502550159112417e-01,4.064414608984621979e-02
0.000000000000000000e+00,4.150732917297192138e-05,0.000000000000000000e+00,3.524654489847910176e-04,2.597807296824237734e-05,8.413793101809383668e-01,1.195858960209085914e-01,3.861429749614916918e-02
0.000000000000000000e+00,4.154403204204122830e-05,0.000000000000000000e+00,3.524703237160160883e-04,2.598966140716822565e-05,8.413793594372350748e-01,1.195858651476314483e-01,3.861430273723574780e-02
0.000000000000000000e+00,1.228949272251438800e-04,0.000000000000000000e+00,5.225445115037285907e-04,2.493922424018206485e-04,8.806655944502609357e-01,9.798135222930973165e-02,2.045778713840452206e-02
0.000000000000000000e+00,1.229269990746615780e-04,0.000000000000000000e+00,5.225500864758350541e-04,2.493953542158349607e-04,8.806656483439830874e-01,9.798133622697467737e-02,2.045779434434609467e-02
0.000000000000000000e+00,6.518275675136602464e-03,0.000000000000000000e+00,4.210030305222159201e-03,4.965233766341238617e-04,9.532524320814996788e-01,3.000999889235900220e-02,5.512370674201542628e-03
0.000000000000000000e+00,6.518290061178313652e-03,0.000000000000000000e+00,4.210036498922496533e-03,4.965159446959313983e-04,9.532524721275764668e-01,3.000999705977991372e-02,5.512378972279245032e-03
0.000000000000000000e+00,8.098609509757511912e-04,0.000000000000000000e+00,3.906263027781764290e-04,1.973144187624882020e-04,9.908650761348019032e-01,6.594022299360741655e-03,1.142900739080762382e-03
0.000000000000000000e+00,8.098489541131527990e-04,0.000000000000000000e+00,3.906331116815945129e-04,1.972981104162103213e-04,9.908650861628096607e-01,6.594029979780818493e-03,1.142909943984676130e-03
0.000000000000000000e+00,3.093923179479338452e-05,0.000000000000000000e+00,1.341097121830121211e-05,1.320438322444016350e-05,9.999376058033642156e-01,0.000000000000000000e+00,5.065296088333935769e-06
0.000000000000000000e+00,3.090579555417225893e-05,0.000000000000000000e+00,1.341824758358863797e-05,1.318495896229385857e-05,9.999375810739514758e-01,0.000000000000000000e+00,5.075112631761901573e-06
0.000000000000000000e+00,1.038792397216929892e-03,1.490853378549372335e-05,6.745128533141701334e-03,6.316000499059166821e-03,9.186745159134883654e-01,1.504240108171320192e-05,6.719640441720120538e-02
0.000000000000000000e+00,1.038755841740042832e-03,1.494299192810059306e-05,6.745138461691964522e-03,6.315984849722777565e-03,9.186744672408728718e-01,1.505197576164550147e-05,6.719641498635545163e-02
0.000000000000000000e+00,1.053554720608980422e-03,0.000000000000000000e+00,1.520645919012428814e-03,2.331703828647157042e-02,8.051755275615523066e-01,0.000000000000000000e+00,1.689332551583365982e-01
0.000000000000000000e+00,1.053530219948877258e-03,0.000000000000000000e+00,1.520659585523303180e-03,2.331703075103649242e-02,8.051754732863353192e-01,0.000000000000000000e+00,1.689332680013818366e-01
0.000000000000000000e+00,4.989326217443295665e-03,0.000000000000000000e+00,1.105751182559888690e-01,6.327456707213538782e-04,7.948014076393670191e-01,6.159664324730752896e-08,8.900126951673666131e-02
0.000000000000000000e+00,4.989318900223786539e-03,0.000000000000000000e+00,1.105751300158715894e-01,6.327474154449960232e-04,7.948013645747208367e-01,6.159664324730752896e-08,8.900128065825797796e-02
3.259428830380217263e-06,1.547463683421944857e-04,0.000000000000000000e+00,9.494352673191343295e-02,8.860963432053156619e-02,7.639100923874597715e-01,3.864352002253751211e-05,5.233992026705973355e-02
3.281818575993214536e-06,1.547568912748243232e-04,0.000000000000000000e+00,9.494353847293104942e-02,8.860964494475669084e-02,7.639100730823976670e-01,3.866042727660260072e-05,5.233993282786780776e-02
1.160818862281823733e-06,2.667850201908419060e-04,0.000000000000000000e+00,5.402941451971200043e-02,5.826214526368764246e-03,8.431620578048525383e-01,7.650900669864307336e-05,9.663795194208488204e-02
1.121689005892259661e-06,2.668115373644297452e-04,0.000000000000000000e+00,5.402942832709064364e-02,5.826231031322661770e-03,8.431620686835041845e-01,7.653517083031972337e-05,9.663796656772605242e-02
0.000000000000000000e+00,2.369186493985842208e-04,0.000000000000000000e+00,1.321161912028459284e-01,2.294171432845848696e-04,4.764221950232555569e-01,3.498553042961028727e-05,3.909604966937095250e-01
0.000000000000000000e+00,2.369411047171848003e-04,0.000000000000000000e+00,1.321162142410293727e-01,2.294339394542060484e-04,4.764222270652204716e-01,3.501866450685401126e-05,3.909605113610885585e-01
0.000000000000000000e+00,1.895873334948395314e-04,6.849498359126963356e-06,4.150399774767896677e-01,4.588278308066014968e-04,5.873162875542885242e-02,7.654923126124379279e-03,5.179186463063145673e-01
0.000000000000000000e+00,1.895973371774756992e-04,6.916778364695864111e-06,4.150400024576787472e-01,4.588432895685292680e-04,5.873166223100758504e-02,7.654956299929433806e-03,5.179186576825124400e-01
0.000000000000000000e+00,5.148943562035209464e-07,1.397728458828917322e-05,4.911151233521370840e-01,3.524461045728786968e-04,1.339913114409762088e-02,1.311955818896183741e-02,4.820001836294345310e-01
0.000000000000000000e+00,5.227016593163047323e-07,1.403929403373328346e-05,4.911151440188520900e-01,3.524606579943191566e-04,1.339915524393006305e-02,1.311958324622636979e-02,4.820001962968131215e-01
0.000000000000000000e+00,1.838581044788558205e-07,2.110975967605991602e-03,5.096160067942155925e-01,8.162844482054109024e-05,2.432675569539518440e-03,1.770296818827870808e-02,4.680562694039874239e-01
0.000000000000000000e+00,1.898936504965582361e-07,2.111006590227295331e-03,5.096160206752493593e-01,8.164200242728447676e-05,2.432687607144261733e-03,1.770297899268986203e-02,4.680562813664230215e-01
0.000000000000000000e+00,5.276738516726734129e-05,1.172381234465737958e-03,2.875288889861588038e-01,3.439872150542938833e-05,2.299303703231056206e-01,1.553634070972673697e-01,3.259190383355177745e-01
0.000000000000000000e+00,5.277740789795500921e-05,1.172379626324617473e-03,2.875288934079305858e-01,3.441021490629666749e-05,2.299303714359041961e-01,1.553634019020345702e-01,3.259190485751130573e-01
0.000000000000000000e+00,8.661927617368233071e-05,1.361919450220238216e-04,1.826226779922120180e-02,1.227679026765282130e-05,3.827054798441096306e-01,4.327932899305941272e-01,1.660052152921328017e-01
0.000000000000000000e+00,8.662613310809780687e-05,1.361732877813646959e-04,1.826226575316878403e-02,1.228409195652870853e-05,3.827054695733943523e-01,4.327932691595512971e-01,1.660052185065776786e-01
0.000000000000000000e+00,7.457043431638828634e-05,6.738419952298562105e-05,1.029319102333084782e-02,1.817145962613242119e-05,4.477370406568627059e-01,5.169270580734752762e-01,2.488331228403538320e-02
0.000000000000000000e+00,7.456579407888943721e-05,6.734713300472106479e-05,1.029318662194344917e-02,1.817266567577996550e-05,4.477370160430938495e-01,5.169270254137546816e-01,2.488330456482192726e-02
0.000000000000000000e+00,1.646844805424684313e-04,1.452133962441727378e-05,7.869316642114786153e-03,1.021295312967345981e-05,4.338628773347040224e-01,5.148040608288710906e-01,4.327543441126305290e-02
0.000000000000000000e+00,1.646654305187241960e-04,1.447290299421151558e-05,7.869311801147357149e-03,1.020730088955053820e-05,4.338628414982427794e-01,5.148040255241853602e-01,4.327541571070811499e-02
0.000000000000000000e+00,3.057476445942172889e-04,1.971090040027816922e-07,9.085081800127501857e-06,2.328237669986304306e-05,3.707485630447490688e-01,5.305761458878259784e-01,9.833759246831935696e-02
0.000000000000000000e+00,3.057180802481059738e-04,1.630467542491120442e-07,9.081450995342682853e-06,2.327063384377739378e-05,3.707485232897419491e-01,5.305761206417221043e-01,9.833756477830686571e-02
0.000000000000000000e+00,1.566792196795528235e-04,9.542249921151784091e-08,2.113805514218243588e-05,3.256147561884679254e-05,4.676038112678278513e-01,4.543797485785944779e-01,7.780632730997698310e-02
0.000000000000000000e+00,1.566482366221364170e-04,9.542249921151784091e-08,2.113754294263263004e-05,3.254469009302715486e-05,4.676037794790847135e-01,4.543797436571414550e-01,7.780629451479711967e-02
0.000000000000000000e+00,6.226897620101444107e-05,2.141038495864284156e-07,5.628134953650492257e-05,3.686966333891462889e-05,6.179506602121833669e-01,3.164232060213070241e-01,6.547081146732423862e-02
0.000000000000000000e+00,6.224797020660937654e-05,2.141038495864284156e-07,5.628401083231016533e-05,3.684964253519087144e-05,6.179506504383861509e-01,3.164232231085186142e-01,6.547077714127372272e-02
3.634906923387704047e-02,7.031968982552441738e-04,5.150252395920356876e-05,8.483073122438486099e-05,4.318429424125541665e-05,7.862325025073104712e-01,1.693370106480991122e-01,7.198259408357375079e-03
3.634916190760667520e-02,7.031996290428742680e-04,5.150654335711328156e-05,8.483606217589936989e-05,4.315881959414513800e-05,7.862325231630505895e-01,1.693370417797786243e-01,7.198225166111699852e-03
3.809650473215163424e-02,1.283506005630940260e-05,2.533814577113124877e-04,7.337393965833673994e-05,5.636162098396921370e-05,7.388315067806473513e-01,2.207534761832405101e-01,1.921866530154537180e-03
3.809659191188988214e-02,1.286050940299690014e-05,2.534001030035330370e-04,7.338061851575302459e-05,5.634403812853270817e-05,7.388315507623013367e-01,2.207535120658146721e-01,1.921832667320106346e-03
4.287868184419672823e-02,4.188783147021740526e-05,3.756593557850213539e-06,7.660543833111804117e-05,3.622215413723859669e-05,5.423602839079474380e-01,4.145829717936392877e-01,1.942293176448465152e-05
4.287874726322662977e-02,4.192301110586566247e-05,3.788209105740643380e-06,7.661510086226978693e-05,3.621471187279548228e-05,5.423603301544420718e-01,4.145830113981892606e-01,1.939058548321965456e-05
1.921923903581349707e-02,2.389768020700606820e-08,7.344367302638990340e-05,1.322759035201481878e-05,8.614578544442570648e-07,2.723278681106072185e-01,7.083654927826241732e-01,0.000000000000000000e+00
1.921928404096866910e-02,2.389768020700606820e-08,7.349425957609791898e-05,1.324231392770639546e-05,8.672763790990955640e-07,2.723278973659920554e-01,7.083655407869859921e-01,0.000000000000000000e+00
1.120934079188145790e-02,3.397469986006393984e-07,1.057700924227804193e-04,5.062621449925281654e-06,0.000000000000000000e+00,1.235626086409045282e-01,8.651173247696560820e-01,0.000000000000000000e+00
1.120937437967043336e-02,3.738515930294165915e-07,1.058250148106502621e-04,5.080842522721255758e-06,0.000000000000000000e+00,1.235626140308645343e-01,8.651173799235341022e-01,0.000000000000000000e+00
1.825432643529326451e-02,3.310022606032195742e-07,3.989405576274561720e-04,1.055120455917289213e-05,0.000000000000000000e+00,3.774595497155565360e-02,9.435906089781499473e-01,0.000000000000000000e+00
1.825435462338458742e-02,3.540385773296460446e-07,3.989781280429200447e-04,1.056672725869414051e-05,0.000000000000000000e+00,3.774594280304113120e-02,9.435906580639622510e-01,0.000000000000000000e+00
1.938545395110822731e-02,1.412696112540307834e-06,3.289672545387152427e-04,2.771417863665026775e-05,0.000000000000000000e+00,3.262206999296941162e-02,9.476353955266170193e-01,0.000000000000000000e+00
1.938547887470854977e-02,1.416181039180439011e-06,3.289697048874011889e-04,2.772012487928507326e-05,0.000000000000000000e+00,3.262205354013884839e-02,9.476354213828074302e-01,0.000000000000000000e+00
2.160594676169137404e-02,2.546448581590004683e-05,3.112189453632888320e-04,6.329687404384276681e-05,0.000000000000000000e+00,1.987366381138873928e-01,7.792579642371005866e-01,0.000000000000000000e+00
2.160596476050203815e-02,2.545489649302952830e-05,3.111891269469333984e-04,6.329061750063107140e-05,0.000000000000000000e+00,1.987366267399578168e-01,7.792579598086581960e-01,0.000000000000000000e+00
2.497528122860933134e-02,6.327891330530430355e-06,3.239841991956579951e-04,1.946908517698357289e-04,2.323550753287209700e-05,4.012843775599735929e-01,5.731919761016468495e-01,0.000000000000000000e+00
2.497528484431879928e-02,6.311215756076646960e-06,3.239417634111135748e-04,1.946747345490170301e-04,2.325959279481611196e-05,4.012843716027354457e-01,5.731919501035176445e-01,0.000000000000000000e+00
1.964457910944100369e-02,4.094752227297923788e-05,8.815916012414896832e-04,1.493254756352254710e-04,5.508036764460508793e-03,5.411446491201064024e-01,4.326304429648851202e-01,0.000000000000000000e+00
1.964456380788986989e-02,4.092549360629337712e-05,8.815471443840012774e-04,1.493029766786809929e-04,5.508071810535301004e-03,5.411446450739711977e-01,4.326304077580921947e-01,0.000000000000000000e+00
3.266194825039410721e-01,1.858321172807689237e-04,7.582064369216927335e-02,3.780202540645164356e-03,3.930618180425305558e-02,2.493366320153005966e-01,3.049507377393374519e-01,0.000000000000000000e+00
3.266194566980367697e-01,1.858028442040591643e-04,7.582060568016836533e-02,3.780171282773954998e-03,3.930615886065445125e-02,2.493366210864097210e-01,3.049507015796268927e-01,0.000000000000000000e+00
5.467726385633036035e-01,1.130501132889176317e-04,9.317380448681575333e-02,7.892190841325441922e-03,3.086678202011392024e-05,2.447825996772194090e-01,1.072353091480681420e-01,3.113499539788326704e-08
5.467725928472788599e-01,1.130247034830664173e-04,9.317377813866346836e-02,7.892145478393444366e-03,3.079268624248425787e-05,2.447825742081567169e-01,1.072352710163623352e-01,5.007562720709389910e-08
4.829551953321200575e-01,1.480774741178985450e-04,3.809611028617128636e-01,7.809109478370615531e-03,1.238665856134270673e-07,5.909523545081393769e-02,6.895767301806378369e-02,7.330015024797263907e-05
4.829551463094834407e-01,1.480530134030860550e-04,3.809610861969827678e-01,7.809026522905787408e-03,1.238665856134270673e-07,5.909520098532312221e-02,6.895763949917108060e-02,7.331473436004997974e-05
3.771605560223282305e-01,1.140988656119167440e-04,5.177738385064343252e-01,1.118014150416141508e-02,2.963342345037365000e-06,6.008246814422181503e-02,3.219335675112174056e-02,1.495168975354948127e-03
3.771605110316561538e-01,1.140803159786019723e-04,5.177738355114072100e-01,1.117999282158731005e-02,2.927325490489229971e-06,6.008243725448844663e-02,3.219332630610447638e-02,1.495170566967864894e-03
1.453754577524851645e-04,1.195200534894522143e-04,9.617984776406304226e-01,0.000000000000000000e+00,2.718593517526663057e-07,3.248319766044842349e-02,4.163323932155731100e-03,1.289049561178919751e-03
1.453344219800117257e-04,1.195141326309453241e-04,9.617984924201892216e-01,0.000000000000000000e+00,2.718593517526663057e-07,3.248318255793583575e-02,4.163306202557183130e-03,1.289034564421141218e-03
4.103072978840805482e-05,1.324118408397681500e-04,9.843692720760732762e-01,0.000000000000000000e+00,4.284280242373492306e-07,1.456388198047310970e-02,3.171579598631568794e-04,5.749210952073304567e-04
4.099134930200128531e-05,1.324269728583862122e-04,9.843693018503740788e-01,0.000000000000000000e+00,4.284280242373492306e-07,1.456388477978129078e-02,3.171585360640546926e-04,5.748946210187637048e-04
4.163759947069293306e-08,1.336355169914389750e-04,9.948943623880889264e-01,0.000000000000000000e+00,2.412169625629370675e-06,4.809788735552676664e-03,1.588078007810573623e-04,8.620662343514289803e-07
4.163759947069293306e-08,1.336679872680031280e-04,9.948943943420003322e-01,0.000000000000000000e+00,2.456312866088263768e-06,4.809800102387184161e-03,1.588252520476306218e-04,8.387076448519266809e-07
0.000000000000000000e+00,7.514172256576292391e-05,6.451810517506345599e-01,0.000000000000000000e+00,2.947937770716103441e-06,3.545481646130156372e-01,1.926556996283618542e-04,6.820387087647117836e-08
0.000000000000000000e+00,7.518409635412025662e-05,6.451810727745406204e-01,0.000000000000000000e+00,2.990064706267892010e-06,3.545481702110380162e-01,1.926697704898720396e-04,6.577641515352598176e-08
0.000000000000000000e+00,8.216114776283483352e-05,6.827817850765478325e-05,0.000000000000000000e+00,3.340561058030538737e-06,9.997487456917494297e-01,9.778598503959582994e-05,0.000000000000000000e+00
0.000000000000000000e+00,8.219777369898655052e-05,6.828218787684545025e-05,0.000000000000000000e+00,3.372835655985085322e-06,9.997487414386129201e-01,9.777895267863466802e-05,0.000000000000000000e+00
0.000000000000000000e+00,1.669247640509565259e-04,4.315654497855154250e-05,0.000000000000000000e+00,5.393025249170337772e-06,9.967252024484750672e-01,3.059683680651300187e-03,0.000000000000000000e+00
0.000000000000000000e+00,1.669244505259714993e-04,4.314310154920918318e-05,0.000000000000000000e+00,5.403074746061993142e-06,9.967251935822988296e-01,3.059662330391430679e-03,0.000000000000000000e+00
8.176999137972688973e-06,1.191692278669763833e-04,3.742162063044231668e-04,0.000000000000000000e+00,2.826997387480649845e-05,9.952810754918619551e-01,4.188737449391676318e-03,0.000000000000000000e+00
8.204423545486838040e-06,1.191309118098023780e-04,3.741911717926074926e-04,0.000000000000000000e+00,2.825581047928338351e-05,9.952810658799055021e-01,4.188707652381995494e-03,0.000000000000000000e+00
1.526870040381416306e-04,1.039151529203793457e-04,1.635611431851951257e-03,0.000000000000000000e+00,3.074531655088791836e-04,9.944415591512992814e-01,3.358326102170431857e-03,0.000000000000000000e+00
1.527184913517427509e-04,1.038567188789273228e-04,1.635585378024613946e-03,0.000000000000000000e+00,3.074226168813643076e-04,9.944415530384723700e-01,3.358295749303787710e-03,0.000000000000000000e+00
4.152367953799805536e-04,1.672547292905259269e-04,3.366348791385636403e-04,0.000000000000000000e+00,5.290070506214195750e-02,9.460842889848468662e-01,9.521704365383034025e-05,2.958830483750651091e-08
4.152680996833108635e-04,1.672063145107913912e-04,3.366183862355652404e-04,0.000000000000000000e+00,5.290067192231891896e-02,9.460842892072655053e-01,9.519211876426105922e-05,2.958830483750651091e-08
2.608374360969610839e-01,1.772478066807786320e-04,3.217022578433451074e-02,0.000000000000000000e+00,1.697640798539742577e-02,6.897681562993738247e-01,6.949842454940904685e-05,1.061154381459369955e-07
2.608374403492905724e-01,1.772328615796908517e-04,3.217022301029170278e-02,0.000000000000000000e+00,1.697632987267877133e-02,6.897681596475140342e-01,6.948098940719693811e-05,1.061154381459369955e-07
5.792228375785624106e-01,2.633178183203223658e-04,1.207780056920906425e-01,0.000000000000000000e+00,3.235478449075908695e-04,2.993318536314718004e-01,7.897880660650230891e-05,2.050736942099895548e-07
5.792228219134524236e-01,2.633273143619481427e-04,1.207780125138133848e-01,0.000000000000000000e+00,3.234186186395520877e-04,2.993318498989638310e-01,7.896770779618557162e-05,2.050736942099895548e-07
4.845305182702296376e-01,4.285599485583990921e-05,5.016582047379603004e-01,0.000000000000000000e+00,0.000000000000000000e+00,1.375273111806091589e-02,1.477144530489905576e-05,1.923519451228328135e-07
4.845304973467832732e-01,4.287521273253911607e-05,5.016582178150087445e-01,0.000000000000000000e+00,0.000000000000000000e+00,1.375271809591661377e-02,1.477741983156993100e-05,1.963257137585564368e-07
1.544937363763780602e-01,6.496703096879221761e-05,7.906717710093721374e-01,0.000000000000000000e+00,0.000000000000000000e+00,5.475292931367044952e-02,1.576302695871319355e-05,1.865174603656825492e-07
1.544937164453732137e-01,6.498667033915052533e-05,7.906717905638372956e-01,0.000000000000000000e+00,0.000000000000000000e+00,5.475290927878165986e-02,1.580310582125063471e-05,1.947691231395336016e-07
1.501055233169834059e-02,9.078821047324162066e-06,9.095378036408533484e-01,0.000000000000000000e+00,0.000000000000000000e+00,7.539321836609132188e-02,3.581613865047133681e-05,1.261194971763058145e-05
1.501053452587119107e-02,9.092416363735815544e-06,9.095378251271228898e-01,0.000000000000000000e+00,0.000000000000000000e+00,7.539318997846621018e-02,3.588568407473703448e-05,1.262324662085311277e-05
1.408792169295710987e-03,2.672506614629658261e-05,8.700722673166336740e-01,2.336744894927272395e-06,0.000000000000000000e+00,1.283344014653604870e-01,1.494483262484724341e-04,5.520149822184573122e-06
1.408776914380117885e-03,2.672683137651423027e-05,8.700722820270092583e-01,2.484104224741027766e-06,0.000000000000000000e+00,1.283343653062992140e-01,1.495129953153453344e-04,5.531029391162383480e-06
6.411222992447299530e-04,7.215025212199234277e-05,5.347133450671938126e-01,2.249643580204614587e-05,0.000000000000000000e+00,4.613479689152072960e-01,3.175670426788218710e-03,2.696220830477687365e-05
6.411103321126155859e-04,7.214038242773269406e-05,5.347133462348732102e-01,2.255077133640917233e-05,0.000000000000000000e+00,4.613479345366187090e-01,3.175685222663635066e-03,2.697041765309695618e-05
2.163873358306946798e-03,7.260033472999939575e-06,9.103934747584283005e-02,5.791614713235934556e-04,1.973415095159912561e-07,8.960762701067648273e-01,1.011438706629668761e-02,1.965396110537463085e-05
2.163867747507014494e-03,7.250949167645339636e-06,9.103933531913596666e-02,5.791644795836911868e-04,1.973415095159912561e-07,8.960762537126973903e-01,1.011434866026822595e-02,1.966057935390050807e-05
2.485928246812887064e-04,1.872194283805400430e-05,5.291248582148950488e-04,7.907430544368531386e-05,4.573770840078226076e-07,9.990021155840058675e-01,1.854053251853871400e-05,1.039728859860642178e-04
2.485976220791606228e-04,1.872584007632591417e-05,5.291103302239132718e-04,7.906753093160702223e-05,4.793511515587504260e-07,9.990021292443261869e-01,1.849324508338136174e-05,1.039791492684798076e-04
2.655409770372513245e-04,4.490308928782534996e-05,1.553879863073385852e-04,4.599839671125952652e-04,2.073560285426044592e-02,9.781514744249132365e-01,6.439576237433346527e-06,1.814069205305153976e-04
2.655587401548092355e-04,4.491905069530978146e-05,1.553832239810245771e-04,4.599756360931272266e-04,2.073560873102925708e-02,9.781515131104789873e-01,6.413718738294627807e-06,1.814128633892384576e-04
8.392583746268044115e-05,3.259201832418376073e-04,2.529429852575191439e-05,2.921513922399842283e-05,2.293907490246510986e-02,9.765029782588140472e-01,3.755815370928223342e-06,8.889336125154829224e-05
8.394960010975720797e-05,3.259441551268011565e-04,2.530512204736854172e-05,2.920543090205369216e-05,2.293905846051507227e-02,9.765030248983648242e-01,3.763964097324076475e-06,8.889887749130923056e-05
5.050362663487439983e-04,1.371841700300102128e-05,1.464551760123460484e-05,2.131825606960103793e-05,0.000000000000000000e+00,9.994152742616531082e-01,1.189378190112723350e-05,1.835809365135249741e-05
5.050558819023145442e-04,1.374459748011269503e-05,1.466698665675488700e-05,2.130733714811049352e-05,0.000000000000000000e+00,9.994153089685446911e-01,1.193190984614008441e-05,1.836310323442195039e-05
4.663838060559023351e-07,3.036882620966222495e-06,2.040889789521111624e-05,1.607780959865001639e-06,0.000000000000000000e+00,9.999727361159369554e-01,1.008609045761349272e-06,1.201750659421693797e-06
4.663838060559023351e-07,3.055504649103662050e-06,2.042792859337685043e-05,1.595823595207509490e-06,0.000000000000000000e+00,9.999727437335940161e-01,1.058741770654698054e-06,1.206174578370874319e-06
0.000000000000000000e+00,1.722525284255999666e-06,8.356395136440330218e-08,1.357715836805682859e-04,0.000000000000000000e+00,9.998609540426669495e-01,1.687440390886317819e-06,1.924595218315135835e-07
0.000000000000000000e+00,1.726241711294271624e-06,8.729608827043104893e-08,1.357587771886151239e-04,0.000000000000000000e+00,9.998609312088636569e-01,1.727935962324812799e-06,1.962304882189543914e-07
4.859210265150588643e-04,1.193637416416391491e-04,7.028773388379612186e-01,8.231656712810753737e-04,0.000000000000000000e+00,2.955435154775972184e-01,1.849059729585874622e-05,1.310037772065949862e-04
4.859164376477255964e-04,1.193526571002118673e-04,7.028773251905267028e-01,8.230980048034082942e-04,0.000000000000000000e+00,2.955434795392637426e-01,1.854975454281855771e-05,1.310033256430479876e-04
1.651952786281020435e-02,2.395074752092824698e-06,9.612058283579921758e-01,0.000000000000000000e+00,0.000000000000000000e+00,2.007888968161540208e-02,2.160194773607156029e-03,3.268417813867254890e-05
1.651952356756819160e-02,2.383930248609887637e-06,9.612058052896383931e-01,0.000000000000000000e+00,0.000000000000000000e+00,2.007886617222770509e-02,2.160196930552721762e-03,3.267266769289600995e-05
9.159471833997041456e-08,1.040911391269227205e-05,9.991819106534929329e-01,0.000000000000000000e+00,0.000000000000000000e+00,5.784024302936882633e-04,2.071815858659474107e-04,2.177934585620427418e-05
9.159471833997041456e-08,1.040111811556859119e-05,9.991818884368757203e-01,0.000000000000000000e+00,0.000000000000000000e+00,5.784023848572934908e-04,2.071011111626480238e-04,2.175578187337417842e-05
7.864698789344193135e-04,1.599562326020961513e-05,9.980347984101484160e-01,0.000000000000000000e+00,0.000000000000000000e+00,9.249290009206511494e-04,2.237753187535693883e-04,1.346825063222107977e-05
7.864698111047333266e-04,1.599126893768594674e-05,9.980347868691132884e-01,0.000000000000000000e+00,0.000000000000000000e+00,9.249451131713480947e-04,2.236482552378966926e-04,1.343819855411050136e-05
5.193061797416957670e-02,3.665278443576159396e-05,8.587871197812952939e-01,0.000000000000000000e+00,0.000000000000000000e+00,8.924105627152408016e-02,6.378349805017604015e-07,3.283551315451479040e-06
5.193061881600716939e-02,3.665072489220328676e-05,8.587871215629411248e-01,0.000000000000000000e+00,0.000000000000000000e+00,8.924106979964309405e-02,5.884171145903518787e-07,3.254995758109242932e-06
8.065482605944257477e-01,3.287134350137617834e-05,5.601373515780334010e-03,0.000000000000000000e+00,0.000000000000000000e+00,1.878076668754698753e-01,5.415357300736386271e-06,3.829965989246177359e-06
8.065482487806354683e-01,3.286470315270234637e-05,5.601374727946332663e-03,0.000000000000000000e+00,0.000000000000000000e+00,1.878076642502925220e-01,5.378248391487908250e-06,3.804843522517569411e-06
6.056189549711121778e-01,6.248712482272509975e-05,1.351567122096056575e-02,0.000000000000000000e+00,0.000000000000000000e+00,3.808009629942332719e-01,5.714174684419561602e-07,6.717212886290931658e-07
6.056189232049157267e-01,6.247396483694709561e-05,1.351565768146255168e-02,0.000000000000000000e+00,0.000000000000000000e+00,3.808009448335804570e-01,5.714174684419561602e-07,6.477954627619661892e-07
2.836758873070849285e-01,3.538168306126270881e-04,5.951629452264635384e-05,0.000000000000000000e+00,0.000000000000000000e+00,7.159084267393021062e-01,7.984746088175952326e-07,6.334922508492492083e-07
2.836758487913486060e-01,3.538030697426704880e-04,5.948355715176587119e-05,0.000000000000000000e+00,0.000000000000000000e+00,7.159084019790895592e-01,7.984746088175952326e-07,6.111154946397907148e-07
1.122736210867983780e-01,6.227127441591659939e-05,4.862253871074620124e-05,0.000000000000000000e+00,1.829523470257450875e-07,8.861493179232874384e-01,1.457756165962056753e-03,7.036582834096669208e-06
1.122735926460586287e-01,6.226324670376772201e-05,4.857704836865283222e-05,0.000000000000000000e+00,1.829523470257450875e-07,8.861492989543066079e-01,1.457756865912484233e-03,7.016096255560879079e-06
1.324574181551952529e-02,4.220974780635441899e-05,1.023211075148233230e-05,0.000000000000000000e+00,2.026307228700724887e-06,9.847591685416987595e-01,1.934572966681788724e-03,5.516308092561693112e-06
1.324573654287753560e-02,4.221305428002762014e-05,1.019541891273514649e-05,0.000000000000000000e+00,2.073652263346475750e-06,9.847591636960687511e-01,1.934564929190085930e-03,5.498034633004038101e-06
1.014234000591539807e-02,5.212067341541911991e-05,4.795928264261663024e-06,0.000000000000000000e+00,7.330454853766868029e-06,9.876869479465767432e-01,2.104844660587128647e-03,8.841904503347567608e-07
1.014236082735732458e-02,5.213478869229554017e-05,4.790345893574532325e-06,0.000000000000000000e+00,7.359699827953918692e-06,9.876869589504220226e-01,2.104819383168978712e-03,8.684181141890617551e-07
1.081113247842834489e-02,4.010750755625929712e-05,1.990533775980125070e-07,0.000000000000000000e+00,2.834257292864363897e-01,6.999329157391459555e-01,5.788479224357474459e-03,1.721664451209610570e-08
1.081112692340559407e-02,4.011728354657784825e-05,1.990533775980125070e-07,0.000000000000000000e+00,2.834257384515605493e-01,6.999329328092871449e-01,5.788443117021821807e-03,1.721664451209610570e-08
9.428042069835330569e-06,1.149091003511939281e-04,4.715757072098262541e-06,0.000000000000000000e+00,1.070765371202500454e-01,8.926111367183340306e-01,1.811658365683457969e-04,2.403313888044652944e-06
9.457321493061740232e-06,1.149255636446390341e-04,4.769528399007619091e-06,0.000000000000000000e+00,1.070765255158002693e-01,8.926111528101504655e-01,1.811326146418603300e-04,2.393235120454039876e-06
2.229877445570579533e-05,1.534419189983858372e-04,5.844519821389403402e-01,0.000000000000000000e+00,2.792562869395269487e-02,3.874454815851396949e-01,0.000000000000000000e+00,0.000000000000000000e+00
2.233616394649368383e-05,1.534421678568213506e-04,5.844520426070382024e-01,0.000000000000000000e+00,2.792560382690436813e-02,3.874454961553547849e-01,0.000000000000000000e+00,0.000000000000000000e+00
1.568104730365012706e-05,1.858568030442595660e-04,9.991469716559633341e-01,0.000000000000000000e+00,0.000000000000000000e+00,1.974699565716210429e-04,4.531692999287264515e-04,0.000000000000000000e+00
1.572162763336482655e-05,1.858506155682445346e-04,9.991470205520210923e-01,0.000000000000000000e+00,0.000000000000000000e+00,1.974788618783172866e-04,4.532624349888539220e-04,0.000000000000000000e+00
1.682804561709954570e-06,5.387730299474946793e-05,9.976424951347200309e-01,0.000000000000000000e+00,0.000000000000000000e+00,2.501859995783577334e-07,2.301088908869370134e-03,0.000000000000000000e+00
1.725579062372244414e-06,5.387651711959804833e-05,9.976425119559463317e-01,0.000000000000000000e+00,0.000000000000000000e+00,2.501859995783577334e-07,2.301282594073816596e-03,0.000000000000000000e+00
6.228231769318098225e-07,6.374053009229711729e-06,9.984627372626819763e-01,0.000000000000000000e+00,0.000000000000000000e+00,0.000000000000000000e+00,1.530198182119967519e-03,0.000000000000000000e+00
6.228231769318098225e-07,6.373986372929792715e-06,9.984627149606201124e-01,0.000000000000000000e+00,0.000000000000000000e+00,0.000000000000000000e+00,1.530410885422434216e-03,0.000000000000000000e+00
0.000000000000000000e+00,1.306192151956368297e-08,9.882944937950378650e-01,8.308800607057210034e-07,0.000000000000000000e+00,0.000000000000000000e+00,1.170522012149212421e-02,0.000000000000000000e+00
0.000000000000000000e+00,1.306192151956368297e-08,9.882944405017354272e-01,9.659104926290628715e-07,0.000000000000000000e+00,0.000000000000000000e+00,1.170536261499530682e-02,0.000000000000000000e+00
1.773046600335281397e-03,0.000000000000000000e+00,6.425364265394114538e-01,1.073486839040339120e-04,0.000000000000000000e+00,0.000000000000000000e+00,3.555837624598031099e-01,0.000000000000000000e+00
1.773091834813417906e-03,0.000000000000000000e+00,6.425363458977300102e-01,1.073827035914628791e-04,0.000000000000000000e+00,0.000000000000000000e+00,3.555837765109293724e-01,0.000000000000000000e+00
3.173839980858731932e-05,1.496308382981636997e-05,0.000000000000000000e+00,5.012978682231042024e-03,0.000000000000000000e+00,1.492241421751242938e-05,9.949259907840103390e-01,0.000000000000000000e+00
3.178303680091690482e-05,1.495326067812074235e-05,0.000000000000000000e+00,5.012971755089854972e-03,0.000000000000000000e+00,1.499182043912283789e-05,9.949259634770116767e-01,0.000000000000000000e+00
2.660979518172483060e-05,0.000000000000000000e+00,9.604585917802247299e-04,4.158081049999213206e-03,0.000000000000000000e+00,1.960380039627347042e-04,9.946593093037857658e-01,0.000000000000000000e+00
2.665312514188397403e-05,0.000000000000000000e+00,9.604870182559090402e-04,4.158074020084462190e-03,0.000000000000000000e+00,1.961296780728337137e-04,9.946592948735818451e-01,0.000000000000000000e+00
2.069330537892340521e-05,0.000000000000000000e+00,8.464629450448421608e-04,5.157631731914616078e-05,0.000000000000000000e+00,6.720744999932996280e-04,9.984099690066001731e-01,0.000000000000000000e+00
2.073464497280475981e-05,0.000000000000000000e+00,8.465488147977781033e-04,5.157322678604388548e-05,0.000000000000000000e+00,6.721610283836487341e-04,9.984099738424138115e-01,0.000000000000000000e+00
1.910825752548635240e-05,0.000000000000000000e+00,0.000000000000000000e+00,3.173666287582413919e-05,0.000000000000000000e+00,9.734118116912137894e-04,9.989772001396942658e-01,0.000000000000000000e+00
1.914696009332885355e-05,0.000000000000000000e+00,0.000000000000000000e+00,3.173990941186248147e-05,0.000000000000000000e+00,9.734713121287016328e-04,9.989772222539025082e-01,0.000000000000000000e+00
0.000000000000000000e+00,0.000000000000000000e+00,0.000000000000000000e+00,0.000000000000000000e+00,0.000000000000000000e+00,1.648543194888325240e-03,9.983539462616641824e-01,0.000000000000000000e+00
0.000000000000000000e+00,0.000000000000000000e+00,0.000000000000000000e+00,0.000000000000000000e+00,0.000000000000000000e+00,1.648569574518386760e-03,9.983539757900936618e-01,0.000000000000000000e+00
4.382483792458173293e-06,0.000000000000000000e+00,1.298616057939647108e-04,2.599154756244113437e-05,0.000000000000000000e+00,1.423764750714577197e-03,9.984180431750649953e-01,0.000000000000000000e+00
4.414155148662469077e-06,0.000000000000000000e+00,1.298933749706096140e-04,2.600414933603782257e-05,0.000000000000000000e+00,1.423768874160347359e-03,9.984180671280274977e-01,0.000000000000000000e+00
1.119808594482794434e-01,0.000000000000000000e+00,4.884422554009921948e-04,5.726815507644200881e-04,0.000000000000000000e+00,2.245503037678978628e-04,8.867351429392362760e-01,0.000000000000000000e+00
1.119808870903710729e-01,0.000000000000000000e+00,4.884068100530169999e-04,5.726931613690513546e-04,0.000000000000000000e+00,2.245518328894320636e-04,8.867351511530423558e-01,0.000000000000000000e+00
2.941867398714836379e-01,0.000000000000000000e+00,9.327376383160053018e-04,1.079623896123984303e-03,0.000000000000000000e+00,6.314176508103288080e-05,7.037394852760217034e-01,0.000000000000000000e+00
2.941867634871675463e-01,0.000000000000000000e+00,9.326661998324103486e-04,1.079631325868580551e-03,0.000000000000000000e+00,6.315104288069422686e-05,7.037394751712134910e-01,0.000000000000000000e+00
2.142651676136244077e-01,0.000000000000000000e+00,7.729435602915520889e-05,4.051269258251895809e-04,0.000000000000000000e+00,1.658150991363534950e-05,7.852374789152567480e-01,0.000000000000000000e+00
2.142651865040636205e-01,0.000000000000000000e+00,7.720780488324957623e-05,4.051289815947466079e-04,0.000000000000000000e+00,1.659570548218986791e-05,7.852374535271278155e-01,0.000000000000000000e+00
2.502865557393076784e-02,0.000000000000000000e+00,0.000000000000000000e+00,1.166253480253934727e-04,0.000000000000000000e+00,2.290614274777798209e-06,9.748541382975814962e-01,0.000000000000000000e+00
2.502866906045106768e-02,0.000000000000000000e+00,0.000000000000000000e+00,1.166219893363129671e-04,0.000000000000000000e+00,2.311552656434552700e-06,9.748541060650460777e-01,0.000000000000000000e+00
1.636492175582845987e-02,0.000000000000000000e+00,0.000000000000000000e+00,4.333755604226005066e-03,0.000000000000000000e+00,1.865460884672625323e-07,9.793028828606709091e-01,0.000000000000000000e+00
1.636492960505867011e-02,0.000000000000000000e+00,0.000000000000000000e+00,4.333748668836579117e-03,0.000000000000000000e+00,1.865460884672625323e-07,9.793028573726951791e-01,0.000000000000000000e+00
5.584661326249259691e-03,0.000000000000000000e+00,0.000000000000000000e+00,6.619082479528026752e-03,0.000000000000000000e+00,4.103925066832503663e-06,9.877940197160297586e-01,0.000000000000000000e+00
5.584663417578698309e-03,0.000000000000000000e+00,0.000000000000000000e+00,6.619075457208619361e-03,0.000000000000000000e+00,4.134665798450429472e-06,9.877940120045057837e-01,0.000000000000000000e+00
1.477446060935882084e-06,0.000000000000000000e+00,0.000000000000000000e+00,7.715889171210091324e-03,0.000000000000000000e+00,1.694243504850569885e-04,9.921149225544954042e-01,0.000000000000000000e+00
1.473748361722003005e-06,0.000000000000000000e+00,0.000000000000000000e+00,7.715885645594845396e-03,0.000000000000000000e+00,1.694476853528443063e-04,9.921149361541592437e-01,0.000000000000000000e+00
6.808209601857014600e-05,4.483020650705160063e-07,3.271104111129114813e-07,3.207703049384135353e-03,2.194178806689563151e-07,2.754917094645644034e-04,9.964492881855749884e-01,0.000000000000000000e+00
6.807266758648512414e-05,4.483020650705160063e-07,3.271104111129114813e-07,3.207705076747699707e-03,2.194178806689563151e-07,2.755005873560243063e-04,9.964493172966227830e-01,0.000000000000000000e+00
9.225555370054981533e-04,0.000000000000000000e+00,2.537950226675545927e-04,2.731197362668550017e-03,0.000000000000000000e+00,3.834722747119855609e-03,9.922597247758224714e-01,0.000000000000000000e+00
9.225405172718164314e-04,0.000000000000000000e+00,2.538697816744303615e-04,2.731204562749332040e-03,0.000000000000000000e+00,3.834715020909647970e-03,9.922597566335967789e-01,0.000000000000000000e+00
3.085694662697970845e-05,0.000000000000000000e+00,1.908640678635300836e-05,1.786581040824231342e-03,0.000000000000000000e+00,7.289099281374352909e-03,9.908763887733145204e-01,0.000000000000000000e+00
3.083655514298131540e-05,0.000000000000000000e+00,1.911871591991077583e-05,1.786590873373246346e-03,0.000000000000000000e+00,7.289077808217063296e-03,9.908764095133388849e-01,0.000000000000000000e+00
9.493035969510707495e-02,0.000000000000000000e+00,1.442418886486628200e-02,1.338379345738412943e-03,0.000000000000000000e+00,4.870176711952736021e-02,8.406073198711554451e-01,0.000000000000000000e+00
9.493033398891785601e-02,0.000000000000000000e+00,1.442416541859340914e-02,1.338387304691156980e-03,0.000000000000000000e+00,4.870173611868832547e-02,8.406073204877057004e-01,0.000000000000000000e+00
1.925136549413972858e-02,0.000000000000000000e+00,2.600610680631658400e-02,1.735896666944302530e-03,6.063621599733594225e-07,2.469318950412450198e-01,7.060760995102288717e-01,0.000000000000000000e+00
1.925133251726232619e-02,0.000000000000000000e+00,2.600605313070576338e-02,1.735898532637713491e-03,6.271538888519679956e-07,2.469318571510837890e-01,7.060760822554581484e-01,0.000000000000000000e+00
6.809373917386055868e-04,2.675855742464581312e-05,8.287038645312461496e-03,8.486485925866834798e-03,7.860246779279934676e-05,6.224929666075772472e-01,3.599492555342613809e-01,0.000000000000000000e+00
6.808898580781140488e-04,2.677173943124267435e-05,8.286976373574946736e-03,8.486481382963231151e-03,7.860913708490547180e-05,6.224929296314680727e-01,3.599492303418558303e-01,0.000000000000000000e+00
0.000000000000000000e+00,0.000000000000000000e+00,0.000000000000000000e+00,3.621691259317326439e-02,8.933151118733307977e-04,5.433411316530213364e-01,4.195502072108011071e-01,0.000000000000000000e+00
0.000000000000000000e+00,0.000000000000000000e+00,0.000000000000000000e+00,3.621690333069901846e-02,8.933081357276422257e-04,5.433411066976555626e-01,4.195501847356847835e-01,0.000000000000000000e+00
0.000000000000000000e+00,0.000000000000000000e+00,0.000000000000000000e+00,4.804976440484867023e-02,1.904216644578417142e-03,5.319105233321255177e-01,4.181369800928964597e-01,0.000000000000000000e+00
0.000000000000000000e+00,0.000000000000000000e+00,0.000000000000000000e+00,4.804975110163219737e-02,1.904198720535201124e-03,5.319105151828072975e-01,4.181369647770685760e-01,0.000000000000000000e+00
0.000000000000000000e+00,1.067231715485760727e-04,0.000000000000000000e+00,3.160254783074412793e-02,5.588839660769849386e-04,5.416550759213091260e-01,4.260782026454072446e-01,0.000000000000000000e+00
0.000000000000000000e+00,1.067645994860871649e-04,0.000000000000000000e+00,3.160253101991090247e-02,5.588579215659978359e-04,5.416550828890874802e-01,4.260781934726938225e-01,0.000000000000000000e+00
0.000000000000000000e+00,1.870647037640615364e-05,0.000000000000000000e+00,3.434077385071814936e-03,5.378872455024934787e-05,5.840973853040202224e-01,4.123973246866229347e-01,0.000000000000000000e+00
0.000000000000000000e+00,1.874593272017124768e-05,0.000000000000000000e+00,3.434057865376671272e-03,5.375805087404236755e-05,5.840974009116430832e-01,4.123973158580174214e-01,0.000000000000000000e+00
0.000000000000000000e+00,8.388764758005752185e-05,4.627112796709928347e-04,1.287715463675358912e-02,3.177568563331888651e-07,4.325689161985550313e-01,5.540081430741318202e-01,0.000000000000000000e+00
0.000000000000000000e+00,8.391236060932811636e-05,4.627422174035723942e-04,1.287713348775233746e-02,2.863313291536721059e-07,4.325689287030208274e-01,5.540081271377771399e-01,0.000000000000000000e+00
0.000000000000000000e+00,6.354840991198954674e-05,3.710590275487108108e-03,1.944187622081581829e-04,3.317855084191481945e-05,3.570093710040351254e-01,6.389901753227770209e-01,2.669641747217712699e-08
0.000000000000000000e+00,6.355748843360129168e-05,3.710621878862031212e-03,1.943978272408978148e-04,3.314870752021610871e-05,3.570093682001352908e-01,6.389901494870414700e-01,5.720799864448558279e-08
0.000000000000000000e+00,8.130851670177271888e-06,8.473110364883233714e-03,2.954903182307458409e-02,1.344195910422607319e-05,9.669911939116935043e-03,9.522865006092616769e-01,1.507901481273069203e-06
0.000000000000000000e+00,8.129061482576951890e-06,8.473149747175228938e-03,2.954901475349449788e-02,1.341323430527346289e-05,9.669884340664420402e-03,9.522864728369997422e-01,1.534687884946861908e-06
0.000000000000000000e+00,3.028911318293917573e-06,3.495353078411365163e-03,3.001988021680275509e-02,0.000000000000000000e+00,2.214454600294964159e-01,7.450342498527818824e-01,3.505974642802899246e-06
0.000000000000000000e+00,3.008038798215147813e-06,3.495355262829864546e-03,3.001987071379002073e-02,0.000000000000000000e+00,2.214454153824549076e-01,7.450342324960069762e-01,3.523547470689695999e-06
0.000000000000000000e+00,1.794877337778643101e-06,1.626101486452560764e-03,1.263081076064061781e-01,0.000000000000000000e+00,2.264312796284355112e-01,4.830930665849059169e-01,1.625410220638885683e-01
0.000000000000000000e+00,1.764706319505672071e-06,1.626069040358983035e-03,1.263081020692610745e-01,0.000000000000000000e+00,2.264312374994711663e-01,4.830930621639794587e-01,1.625410335686810481e-01
0.000000000000000000e+00,9.104968808892807455e-08,3.391855063195001196e-06,6.807380278003558050e-02,0.000000000000000000e+00,3.369433045103382152e-01,3.150310545040629906e-01,2.799493077756883275e-01
0.000000000000000000e+00,5.253623050566981067e-08,3.345989860472951733e-06,6.807379800826074412e-02,0.000000000000000000e+00,3.369432764125314672e-01,3.150310610230112607e-01,2.799493155702046376e-01
0.000000000000000000e+00,2.684600475350962354e-04,0.000000000000000000e+00,1.722758861436606004e-02,0.000000000000000000e+00,3.421353531050743690e-01,2.348755621506150304e-01,4.054939078086697846e-01
0.000000000000000000e+00,2.684213186895788739e-04,0.000000000000000000e+00,1.722757767875395321e-02,0.000000000000000000e+00,3.421353456694478101e-01,2.348755778366019009e-01,4.054939148881626654e-01
0.000000000000000000e+00,0.000000000000000000e+00,0.000000000000000000e+00,8.059708426523369421e-05,0.000000000000000000e+00,4.129055989923656744e-01,1.726389206008345778e-01,4.143757569614340275e-01
0.000000000000000000e+00,0.000000000000000000e+00,0.000000000000000000e+00,8.057929334744640668e-05,0.000000000000000000e+00,4.129056143955622260e-01,1.726389451677710907e-01,4.143757650380346935e-01
0.000000000000000000e+00,0.000000000000000000e+00,0.000000000000000000e+00,0.000000000000000000e+00,0.000000000000000000e+00,3.738549078211289567e-01,2.668753078620734187e-01,3.592708796436939189e-01
0.000000000000000000e+00,0.000000000000000000e+00,0.000000000000000000e+00,0.000000000000000000e+00,0.000000000000000000e+00,3.738549449426841753e-01,2.668753419013240036e-01,3.592708892747849547e-01
0.000000000000000000e+00,1.971328199198553745e-05,0.000000000000000000e+00,6.794277182924703252e-06,1.679386880245179505e-05,4.613100679011939986e-01,4.828843370231609144e-01,5.576287138869411714e-02
0.000000000000000000e+00,1.969367867289854583e-05,0.000000000000000000e+00,6.790303863453959850e-06,1.681884712875469755e-05,4.613101233283310454e-01,4.828843796515958631e-01,5.576288192552884826e-02
0.000000000000000000e+00,0.000000000000000000e+00,0.000000000000000000e+00,0.000000000000000000e+00,1.279298339441631062e-05,4.002396743832170589e-01,5.867979590672062207e-01,1.295054709519313611e-02
0.000000000000000000e+00,0.000000000000000000e+00,0.000000000000000000e+00,0.000000000000000000e+00,1.282909406853952674e-05,4.002397377805368972e-01,5.867980002715886823e-01,1.295055880479123109e-02
0.000000000000000000e+00,0.000000000000000000e+00,7.920039622885690863e-05,0.000000000000000000e+00,0.000000000000000000e+00,1.254722394109994699e-01,8.614734222098142657e-01,1.297647182072236144e-02
0.000000000000000000e+00,0.000000000000000000e+00,7.927768298809786073e-05,0.000000000000000000e+00,0.000000000000000000e+00,1.254722965606326346e-01,8.614734486375202893e-01,1.297648677414347911e-02
0.000000000000000000e+00,0.000000000000000000e+00,4.024198746839145556e-05,0.000000000000000000e+00,0.000000000000000000e+00,1.773852808156334995e-05,9.990488284982544931e-01,8.948099147094846877e-04
0.000000000000000000e+00,0.000000000000000000e+00,4.031844294573440839e-05,0.000000000000000000e+00,0.000000000000000000e+00,1.778345677813753675e-05,9.990488306107172534e-01,8.948287805302794799e-04
0.000000000000000000e+00,0.000000000000000000e+00,7.677539645291682653e-04,0.000000000000000000e+00,0.000000000000000000e+00,5.129839386601770254e-06,9.991622292211659317e-01,6.670188168997252082e-05
0.000000000000000000e+00,0.000000000000000000e+00,7.677852095467866018e-04,0.000000000000000000e+00,0.000000000000000000e+00,5.162755113435730744e-06,9.991622060504479208e-01,6.672174574064382519e-05
0.000000000000000000e+00,0.000000000000000000e+00,4.584935471063794361e-04,0.000000000000000000e+00,2.174915894756311715e-05,1.108662115159517452e-04,9.960324248867090668e-01,3.378274534068441502e-03
2.555205234536752925e-08,0.000000000000000000e+00,4.584651325577034434e-04,0.000000000000000000e+00,2.178730827645345710e-05,1.108893308958534710e-04,9.960323866798123094e-01,3.378291359329647914e-03
1.181314923961571971e-06,0.000000000000000000e+00,1.963251019665403289e-05,0.000000000000000000e+00,1.006702132619114636e-03,8.365430439444508377e-05,9.806583778340848268e-01,1.823245603346672697e-02
1.257597913467923643e-06,0.000000000000000000e+00,1.955440139386152462e-05,0.000000000000000000e+00,1.006737610438021482e-03,8.367057437057775506e-05,9.806583411315884513e-01,1.823246703825448164e-02
5.321800407211045792e-06,0.000000000000000000e+00,0.000000000000000000e+00,0.000000000000000000e+00,4.950610786763179165e-03,4.375296958948912684e-02,8.860108223906447700e-01,6.528278622470633230e-02
5.392378871410353095e-06,0.000000000000000000e+00,0.000000000000000000e+00,0.000000000000000000e+00,4.950642817961560353e-03,4.375298196834492143e-02,8.860108017553640636e-01,6.528279117399918285e-02
2.671417536860354672e-02,0.000000000000000000e+00,0.000000000000000000e+00,0.000000000000000000e+00,3.513286508868373233e-03,8.668502114518077395e-01,0.000000000000000000e+00,1.029245898213234783e-01
2.671423930984572620e-02,0.000000000000000000e+00,0.000000000000000000e+00,0.000000000000000000e+00,3.513311902597045580e-03,8.668502283560293176e-01,0.000000000000000000e+00,1.029245902163744841e-01
2.505379457872583451e-03,0.000000000000000000e+00,0.000000000000000000e+00,0.000000000000000000e+00,2.296021017604350410e-05,9.974575695550901289e-01,2.445237609979104819e-07,1.692388629148862896e-05
2.505425264354897274e-03,0.000000000000000000e+00,0.000000000000000000e+00,0.000000000000000000e+00,2.295759809322745797e-05,9.974575941087207021e-01,2.548716881926652016e-07,1.691981768038796984e-05
2.122750676282563441e-03,0.000000000000000000e+00,0.000000000000000000e+00,0.000000000000000000e+00,0.000000000000000000e+00,9.978832089613910439e-01,0.000000000000000000e+00,0.000000000000000000e+00
2.122766736843174473e-03,0.000000000000000000e+00,0.000000000000000000e+00,0.000000000000000000e+00,0.000000000000000000e+00,9.978832325269750836e-01,0.000000000000000000e+00,0.000000000000000000e+00
6.594977295375970992e-04,0.000000000000000000e+00,0.000000000000000000e+00,0.000000000000000000e+00,0.000000000000000000e+00,9.993467358597368788e-01,0.000000000000000000e+00,0.000000000000000000e+00
6.594851646549429111e-04,0.000000000000000000e+00,0.000000000000000000e+00,0.000000000000000000e+00,0.000000000000000000e+00,9.993467481312843237e-01,0.000000000000000000e+00,0.000000000000000000e+00
1.221392270117125462e-04,2.925521109399461592e-06,2.561361769422820496e-06,3.257283241629753974e-06,4.121060543777372894e-06,9.607332714794902806e-01,6.538503929520269993e-06,3.912836207850315523e-02
1.221107995163754764e-04,2.905485733774978593e-06,2.602544280892930034e-06,3.255000680061419731e-06,4.078754178051500695e-06,9.607332670192519908e-01,6.548730777965209949e-06,3.912834472523564477e-02
1.544067024237338957e-04,0.000000000000000000e+00,0.000000000000000000e+00,0.000000000000000000e+00,0.000000000000000000e+00,7.365858891214345228e-01,9.094350732003114723e-02,1.723186813052696997e-01
1.543787447648273020e-04,0.000000000000000000e+00,0.000000000000000000e+00,0.000000000000000000e+00,0.000000000000000000e+00,7.365858680213910326e-01,9.094349884493031777e-02,1.723186607227858436e-01
4.183093358332647441e-05,0.000000000000000000e+00,0.000000000000000000e+00,0.000000000000000000e+00,0.000000000000000000e+00,1.029693407695487757e-03,8.791851207792318601e-02,9.110123930932312319e-01
4.180408644275392354e-05,0.000000000000000000e+00,0.000000000000000000e+00,0.000000000000000000e+00,0.000000000000000000e+00,1.029655078453371600e-03,8.791849149369131144e-02,9.110123736460096211e-01
8.342637864738872274e-05,0.000000000000000000e+00,1.610910868817776306e-04,5.678532283973521944e-01,0.000000000000000000e+00,1.893030462920351070e-02,1.155111021412231626e-01,2.974618184408747146e-01
8.339328607057358068e-05,0.000000000000000000e+00,1.611627555293581378e-04,5.678532233218482883e-01,0.000000000000000000e+00,1.893024840917245655e-02,1.155110717118709995e-01,2.974618201166374098e-01
5.829355226085161158e-05,0.000000000000000000e+00,2.211025855317490208e-04,9.003927814121192030e-01,0.000000000000000000e+00,1.955960492685438964e-03,9.604013869888886057e-02,1.332760869747329820e-03
5.825479361527815061e-05,0.000000000000000000e+00,2.211441860654569014e-04,9.003927962105924276e-01,0.000000000000000000e+00,1.955890975124489894e-03,9.604009629070724141e-02,1.332713391748164850e-03
8.702181086728666534e-06,0.000000000000000000e+00,8.679197430421638313e-05,9.998597416850123487e-01,0.000000000000000000e+00,7.076696123168841577e-06,3.879161188932741633e-05,0.000000000000000000e+00
8.657992200202886863e-06,0.000000000000000000e+00,8.678851419043656342e-05,9.998597666114444893e-01,0.000000000000000000e+00,6.999060066087266650e-06,3.874489713584175097e-05,0.000000000000000000e+00
6.845890021008212067e-06,0.000000000000000000e+00,4.338035273670858311e-07,9.999352456984199611e-01,0.000000000000000000e+00,6.909113995145376793e-06,5.148947225968836082e-05,0.000000000000000000e+00
6.796921178938770477e-06,0.000000000000000000e+00,4.338035273670858311e-07,9.999352716578545630e-01,0.000000000000000000e+00,6.828307552570112245e-06,5.145046677448392999e-05,0.000000000000000000e+00
1.134026742831259633e-05,0.000000000000000000e+00,1.151746556716323085e-06,9.999751310310321939e-01,0.000000000000000000e+00,2.754998409667548292e-06,1.057828411775643927e-05,0.000000000000000000e+00
1.128729083012731022e-05,0.000000000000000000e+00,1.095623352650689383e-06,9.999751477280869327e-01,0.000000000000000000e+00,2.676100047141714912e-06,1.055407823299497160e-05,0.000000000000000000e+00
2.799814581045427861e-05,1.651036830953371933e-05,1.773904681207717475e-05,7.929012703749247493e-01,2.008775661456968189e-05,4.858091288913762742e-05,2.051437668369071043e-01,1.824802157877421574e-03
2.794199534565199497e-05,1.650111031551753767e-05,1.768935718300316176e-05,7.929012739009062560e-01,2.006298287969722951e-05,4.850883007119414332e-05,2.051437521241969986e-01,1.824767710127547619e-03
1.163906375332786294e-05,0.000000000000000000e+00,4.104742290728646272e-06,3.028851230473135758e-01,0.000000000000000000e+00,2.119244868049927524e-05,6.970780149983113461e-01,0.000000000000000000e+00
1.158063208654397669e-05,0.000000000000000000e+00,4.042415830254061256e-06,3.028851187035515036e-01,0.000000000000000000e+00,2.113115323886611681e-05,6.970779943679979995e-01,0.000000000000000000e+00
1.491488829328599042e-05,1.440678605031436496e-04,7.215379023044992078e-06,8.614129597276619366e-02,4.977628362083523131e-05,1.880136096286230587e-04,9.133908048248149392e-01,6.339034866754951838e-05
1.485508974648671037e-05,1.440500542948388392e-04,7.166332295440232929e-06,8.614129074626439286e-02,4.975350091483931426e-05,1.879655854870121781e-04,9.133907725489998075e-01,6.338194875198189322e-05
9.406261929201917738e-06,1.306383071608824818e-04,1.906851466063772199e-04,4.166021252233963468e-01,1.620693375390723587e-04,5.060367445685284848e-02,5.303615822714304873e-01,1.939017309929056939e-03
9.347343439888680693e-06,1.306207475548625148e-04,1.906821046512967310e-04,4.166021182646745258e-01,1.620477364326767644e-04,5.060363848625818589e-02,5.303615481247853092e-01,1.939034048561852526e-03
3.966087360182494009e-06,2.623674788592906114e-06,6.088841837038613336e-04,6.705444594678489079e-01,8.614815149802714997e-03,2.813117632031661985e-01,3.089711391085111364e-02,8.015201547448658898e-03
3.912876023624597227e-06,2.609212682368362337e-06,6.089044367688770977e-04,6.705444453914584102e-01,8.614793046108954258e-03,2.813117430866032831e-01,3.089708498560335762e-02,8.015266927959129734e-03
5.686289820814733365e-08,1.146303063884068332e-06,4.597102805549732434e-04,1.784773406289280102e-05,5.775066965497364091e-01,3.588941039784483977e-01,5.396649675834794269e-02,9.152414137935219879e-03
5.686289820814733365e-08,1.146303063884068332e-06,4.597200489513865061e-04,1.782977479617012530e-05,5.775066802372720298e-01,3.588941044813479531e-01,5.396647189131149186e-02,9.152410465424008074e-03
0.000000000000000000e+00,3.043585535522374650e-06,1.304848728555273348e-03,8.156681551192816748e-06,9.975690823660312567e-01,8.639297876416981555e-06,1.030820100258271737e-03,7.408872128244291103e-05
0.000000000000000000e+00,3.065435323339114968e-06,1.304835701375924202e-03,8.140562424701327713e-06,9.975690897156743731e-01,8.649261277386094095e-06,1.030800368985325486e-03,7.408730644954221250e-05
0.000000000000000000e+00,2.079480413507645299e-05,1.911023995835646830e-04,7.280087438546306962e-06,9.993565966492412578e-01,3.832908384454966231e-04,1.609810726992550047e-05,2.336907655367898370e-05
0.000000000000000000e+00,2.083500166008536491e-05,1.910696544226371031e-04,7.264637191834462761e-06,9.993566323502761639e-01,3.832983291392600246e-04,1.608598921633309705e-05,2.337011578496763747e-05
