0.000000000000000000e+00,0.000000000000000000e+00,0.000000000000000000e+00,0.000000000000000000e+00,1.060989181945338339e-01,9.996507078223985099e-01,0.000000000000000000e+00,0.000000000000000000e+00
0.000000000000000000e+00,0.000000000000000000e+00,0.000000000000000000e+00,0.000000000000000000e+00,1.049681935152296797e-01,9.927680235522484686e-01,3.309779109579535051e-07,0.000000000000000000e+00
0.000000000000000000e+00,0.000000000000000000e+00,0.000000000000000000e+00,0.000000000000000000e+00,1.405863924645179841e-01,9.487130416798287280e-01,7.309446414702496169e-07,0.000000000000000000e+00
0.000000000000000000e+00,0.000000000000000000e+00,0.000000000000000000e+00,0.000000000000000000e+00,2.650356278750693462e-01,8.135413049265425300e-01,1.266479669072996994e-06,2.782190482340586239e-06
0.000000000000000000e+00,0.000000000000000000e+00,0.000000000000000000e+00,0.000000000000000000e+00,5.898787736538516624e-01,4.877512600247715935e-01,1.298693249728876852e-06,3.002995889763264883e-07
0.000000000000000000e+00,0.000000000000000000e+00,0.000000000000000000e+00,5.762054021218319842e-08,1.000000000000000000e+00,5.299873183813378491e-02,5.213444693641091444e-05,1.179577785083657168e-03
0.000000000000000000e+00,0.000000000000000000e+00,0.000000000000000000e+00,0.000000000000000000e+00,9.974082807498623193e-01,9.295137256878574505e-02,7.546123433638378487e-07,1.632754401360528069e-06
0.000000000000000000e+00,0.000000000000000000e+00,0.000000000000000000e+00,0.000000000000000000e+00,8.646702511351430642e-01,2.394518001855618083e-01,1.812553901590463204e-07,0.000000000000000000e+00
0.000000000000000000e+00,0.000000000000000000e+00,0.000000000000000000e+00,0.000000000000000000e+00,5.350322836064392851e-01,5.566091984605423537e-01,9.851180667249458485e-07,9.346241103020200150e-06
0.000000000000000000e+00,0.000000000000000000e+00,0.000000000000000000e+00,0.000000000000000000e+00,2.524010155639659359e-01,8.455287508022634180e-01,8.517272292496579252e-04,7.628806590515292596e-06
0.000000000000000000e+00,0.000000000000000000e+00,0.000000000000000000e+00,6.964529536594598083e-09,9.251320279880073704e-04,9.999906217453303769e-01,8.229858163941843052e-02,2.551150220754392272e-04
0.000000000000000000e+00,0.000000000000000000e+00,0.000000000000000000e+00,0.000000000000000000e+00,6.205653043779690399e-07,9.912392560498908267e-01,1.510149993916215239e-01,0.000000000000000000e+00
0.000000000000000000e+00,0.000000000000000000e+00,0.000000000000000000e+00,0.000000000000000000e+00,0.000000000000000000e+00,8.427363763377223593e-01,3.243142460793343451e-01,0.000000000000000000e+00
0.000000000000000000e+00,0.000000000000000000e+00,0.000000000000000000e+00,0.000000000000000000e+00,0.000000000000000000e+00,2.233120393466845599e-01,9.524771906151907608e-01,0.000000000000000000e+00
0.000000000000000000e+00,0.000000000000000000e+00,0.000000000000000000e+00,0.000000000000000000e+00,0.000000000000000000e+00,1.811714860070981759e-01,9.995958270766260867e-01,0.000000000000000000e+00
0.000000000000000000e+00,0.000000000000000000e+00,0.000000000000000000e+00,0.000000000000000000e+00,0.000000000000000000e+00,1.720926568226270881e-01,9.997597732236505053e-01,0.000000000000000000e+00
0.000000000000000000e+00,0.000000000000000000e+00,0.000000000000000000e+00,0.000000000000000000e+00,0.000000000000000000e+00,1.644380564994879501e-01,9.998835207326658425e-01,0.000000000000000000e+00
0.000000000000000000e+00,0.000000000000000000e+00,0.000000000000000000e+00,0.000000000000000000e+00,0.000000000000000000e+00,1.368153465296915727e-01,9.999978030673610796e-01,0.000000000000000000e+00
0.000000000000000000e+00,0.000000000000000000e+00,0.000000000000000000e+00,0.000000000000000000e+00,0.000000000000000000e+00,1.395091635285380938e-01,9.999979199023284471e-01,0.000000000000000000e+00
0.000000000000000000e+00,0.000000000000000000e+00,0.000000000000000000e+00,0.000000000000000000e+00,0.000000000000000000e+00,1.124714794968203896e-01,1.000000000000000000e+00,0.000000000000000000e+00
0.000000000000000000e+00,0.000000000000000000e+00,0.000000000000000000e+00,0.000000000000000000e+00,0.000000000000000000e+00,1.424763831233569478e-01,9.999892185026012514e-01,0.000000000000000000e+00
0.000000000000000000e+00,0.000000000000000000e+00,0.000000000000000000e+00,0.000000000000000000e+00,0.000000000000000000e+00,1.208936135785913801e-01,1.000000000000000000e+00,0.000000000000000000e+00
2.382037194563402704e-04,0.000000000000000000e+00,0.000000000000000000e+00,0.000000000000000000e+00,1.507593500479535720e-02,2.733589515816077162e-02,1.000000000000000000e+00,0.000000000000000000e+00
0.000000000000000000e+00,0.000000000000000000e+00,0.000000000000000000e+00,0.000000000000000000e+00,0.000000000000000000e+00,4.241173922293440257e-01,6.945848014258988457e-01,0.000000000000000000e+00
0.000000000000000000e+00,0.000000000000000000e+00,0.000000000000000000e+00,0.000000000000000000e+00,0.000000000000000000e+00,9.752477120611456884e-01,1.633255298361436791e-01,0.000000000000000000e+00
0.000000000000000000e+00,0.000000000000000000e+00,0.000000000000000000e+00,0.000000000000000000e+00,0.000000000000000000e+00,9.939406785377913334e-01,1.672514582140218753e-01,0.000000000000000000e+00
0.000000000000000000e+00,0.000000000000000000e+00,0.000000000000000000e+00,0.000000000000000000e+00,0.000000000000000000e+00,9.962594233071541128e-01,1.722730230507849292e-01,0.000000000000000000e+00
0.000000000000000000e+00,0.000000000000000000e+00,0.000000000000000000e+00,0.000000000000000000e+00,0.000000000000000000e+00,9.974483728640792801e-01,1.719717135791233031e-01,0.000000000000000000e+00
0.000000000000000000e+00,0.000000000000000000e+00,0.000000000000000000e+00,0.000000000000000000e+00,0.000000000000000000e+00,9.996434918899117505e-01,1.655552388560624366e-01,0.000000000000000000e+00
0.000000000000000000e+00,0.000000000000000000e+00,0.000000000000000000e+00,0.000000000000000000e+00,0.000000000000000000e+00,9.999812818748560206e-01,1.516849596277439483e-01,0.000000000000000000e+00
0.000000000000000000e+00,0.000000000000000000e+00,0.000000000000000000e+00,0.000000000000000000e+00,0.000000000000000000e+00,9.999867413437636410e-01,1.562791473615403048e-01,0.000000000000000000e+00
0.000000000000000000e+00,0.000000000000000000e+00,0.000000000000000000e+00,0.000000000000000000e+00,0.000000000000000000e+00,9.999928017341821462e-01,1.419845746290398780e-01,0.000000000000000000e+00
0.000000000000000000e+00,0.000000000000000000e+00,0.000000000000000000e+00,0.000000000000000000e+00,0.000000000000000000e+00,6.266950490154883369e-01,5.298997012162411924e-01,0.000000000000000000e+00
0.000000000000000000e+00,0.000000000000000000e+00,0.000000000000000000e+00,0.000000000000000000e+00,0.000000000000000000e+00,3.975430196260569815e-01,7.431601127741747082e-01,0.000000000000000000e+00
0.000000000000000000e+00,0.000000000000000000e+00,0.000000000000000000e+00,0.000000000000000000e+00,0.000000000000000000e+00,3.163974256590463274e-01,8.053350131701643155e-01,0.000000000000000000e+00
0.000000000000000000e+00,0.000000000000000000e+00,0.000000000000000000e+00,7.789447437887570130e-09,0.000000000000000000e+00,3.251432468574573798e-01,7.774020233663919699e-01,0.000000000000000000e+00
0.000000000000000000e+00,0.000000000000000000e+00,0.000000000000000000e+00,2.785089651721984313e-08,0.000000000000000000e+00,3.888163089046244303e-01,6.950124103508078521e-01,0.000000000000000000e+00
0.000000000000000000e+00,0.000000000000000000e+00,0.000000000000000000e+00,0.000000000000000000e+00,0.000000000000000000e+00,5.731269192443690930e-01,4.950556098208064304e-01,1.273621372478843970e-07
0.000000000000000000e+00,0.000000000000000000e+00,0.000000000000000000e+00,5.656488301241366151e-04,1.326610451659068638e-03,6.662256200809429929e-01,3.813546656348100194e-01,1.051124939892428753e-05
0.000000000000000000e+00,0.000000000000000000e+00,0.000000000000000000e+00,5.823724519438615126e-04,1.718901879503809084e-03,7.561345354136509433e-01,2.895525892661743872e-01,1.225409604166483495e-05
0.000000000000000000e+00,0.000000000000000000e+00,0.000000000000000000e+00,4.039528107856594358e-02,2.829399069306829939e-01,6.770420575107873873e-01,5.211498371524556084e-02,1.502107660047562921e-05
5.686753882838888594e-05,0.000000000000000000e+00,1.193655184365924066e-03,6.144767343645200774e-02,5.500642676854443636e-01,4.126372450982722095e-01,8.895040675709647848e-03,6.281473895106547026e-05
1.716948703025008422e-04,0.000000000000000000e+00,0.000000000000000000e+00,6.040530008247980975e-02,5.750905919545058476e-01,4.091109023393089683e-01,8.625197354628875990e-03,4.333880787845864038e-05
6.910682890162456356e-03,0.000000000000000000e+00,0.000000000000000000e+00,2.483776697763649399e-01,2.652216128765779932e-02,7.784076420089673931e-01,0.000000000000000000e+00,5.046962746617226944e-05
5.605155491698090566e-04,0.000000000000000000e+00,0.000000000000000000e+00,4.072138203834131387e-01,9.470425693849632677e-04,6.457682763178422825e-01,2.486669382544549802e-03,5.993585208776539192e-05
5.493406043819798641e-03,0.000000000000000000e+00,0.000000000000000000e+00,2.963707843644149409e-01,6.683036321846625577e-04,7.086706000865664601e-01,4.063523188377445028e-02,7.068034958916746358e-05
3.047658749244359878e-04,0.000000000000000000e+00,0.000000000000000000e+00,1.517324684106689525e-01,0.000000000000000000e+00,7.081867236877273930e-01,2.172307304857236110e-01,3.584184445841850686e-05
3.062519813367040695e-04,0.000000000000000000e+00,0.000000000000000000e+00,5.394659066126544817e-08,0.000000000000000000e+00,8.415645912810133522e-01,2.396548725773696153e-01,4.279526955476041570e-05
1.753445497564788864e-04,0.000000000000000000e+00,0.000000000000000000e+00,4.061927310046632538e-08,0.000000000000000000e+00,9.553633711522625527e-01,1.458818727449409103e-01,2.629006023761774424e-05
1.147557424058499393e-04,0.000000000000000000e+00,0.000000000000000000e+00,0.000000000000000000e+00,0.000000000000000000e+00,9.070353273207565348e-01,2.215214054918161757e-01,3.449930406435971425e-06
1.184446577214899084e-04,0.000000000000000000e+00,0.000000000000000000e+00,2.110169593799738844e-08,0.000000000000000000e+00,9.307779619390064152e-01,1.941935677390895787e-01,1.800207832721460578e-05
1.145131911789402251e-04,0.000000000000000000e+00,0.000000000000000000e+00,2.232445595597496794e-08,0.000000000000000000e+00,9.364696589580691066e-01,1.873033988585247056e-01,3.259174246622793033e-05
1.065237221828183988e-04,0.000000000000000000e+00,0.000000000000000000e+00,2.487141268714189993e-08,0.000000000000000000e+00,9.682165664988910958e-01,1.548086865407057311e-01,4.476172355121955005e-05
1.198060728422916445e-04,0.000000000000000000e+00,0.000000000000000000e+00,0.000000000000000000e+00,0.000000000000000000e+00,9.999859441811346228e-01,1.058080197350308171e-01,7.909505420279741615e-05
9.099900533839744938e-05,0.000000000000000000e+00,0.000000000000000000e+00,9.999425470300331617e-08,0.000000000000000000e+00,9.999594675040968106e-01,1.170234296277290753e-01,7.130958575686944579e-05
9.493743386333862325e-05,0.000000000000000000e+00,0.000000000000000000e+00,0.000000000000000000e+00,0.000000000000000000e+00,9.999877947225731534e-01,1.058694199645502515e-01,1.002449771839245278e-04
1.037893567570990876e-04,0.000000000000000000e+00,2.192075724441765136e-06,9.160671295522437863e-02,0.000000000000000000e+00,9.999356555138297908e-01,8.289041003682072798e-06,1.413938340200232026e-04
5.313556863402534947e-05,0.000000000000000000e+00,4.329063411947225049e-05,7.553783301747382661e-02,0.000000000000000000e+00,9.999877392784262131e-01,2.377887347950682125e-03,1.776720914698172915e-04
8.433729346578693856e-05,0.000000000000000000e+00,5.701518298905453459e-05,1.193780196137654709e-01,0.000000000000000000e+00,9.584269107308837077e-01,7.300689393389002631e-06,1.794216774384063988e-04
6.838249378370666633e-03,0.000000000000000000e+00,6.536986936171727597e-05,1.579820119850396665e-01,0.000000000000000000e+00,9.118613216055873050e-01,5.637025080850182970e-06,1.933266304560639132e-04
1.973847033148038929e-03,0.000000000000000000e+00,7.672942834137765674e-05,1.211592439115350139e-01,0.000000000000000000e+00,9.415393125732892665e-01,5.884357102997632408e-06,3.474262571343926260e-03
9.966905314609555392e-05,0.000000000000000000e+00,5.883450852167874489e-05,1.046082024163099838e-01,0.000000000000000000e+00,9.709292039186900869e-01,4.752272555321642849e-06,5.499949463447491391e-04
1.045696856696984902e-04,0.000000000000000000e+00,5.123877721883636786e-05,7.086415917518598673e-02,0.000000000000000000e+00,9.813279501505941527e-01,4.517142106644418833e-06,2.244376913583291319e-02
1.470070127468731341e-04,0.000000000000000000e+00,2.933380700995619745e-05,2.198040311552141354e-03,0.000000000000000000e+00,9.993778100703907263e-01,3.140398864294828823e-03,7.173000338955638766e-02
8.550556636655165499e-05,0.000000000000000000e+00,1.651062761468179117e-06,4.176445898224434377e-05,0.000000000000000000e+00,9.709034685497262007e-01,3.774370527674815456e-02,8.354580227032398776e-02
5.946398862846402926e-05,0.000000000000000000e+00,0.000000000000000000e+00,0.000000000000000000e+00,0.000000000000000000e+00,9.813117015553263212e-01,1.339963818352642999e-01,4.019158213291371378e-05
1.073651266703458022e-04,0.000000000000000000e+00,8.986469716313933812e-07,1.406040355754447008e-04,0.000000000000000000e+00,9.924316635096996908e-01,9.625951325634177214e-02,7.943883208555007356e-05
5.458279772555989847e-05,0.000000000000000000e+00,0.000000000000000000e+00,0.000000000000000000e+00,0.000000000000000000e+00,7.039463353889907626e-01,4.218182812211058730e-01,1.306625704418018443e-05
1.646222979432180813e-05,0.000000000000000000e+00,0.000000000000000000e+00,0.000000000000000000e+00,0.000000000000000000e+00,5.083889283366813672e-01,6.216673140226505190e-01,3.534315839762361998e-06
1.695193388707413239e-05,0.000000000000000000e+00,0.000000000000000000e+00,0.000000000000000000e+00,0.000000000000000000e+00,3.911365261307628849e-01,7.397852209660482625e-01,0.000000000000000000e+00
2.311775277261823259e-05,0.000000000000000000e+00,0.000000000000000000e+00,0.000000000000000000e+00,0.000000000000000000e+00,2.127311903978162666e-01,9.122705164450141124e-01,8.028173449672324136e-06
2.261718119998799801e-05,0.000000000000000000e+00,0.000000000000000000e+00,0.000000000000000000e+00,0.000000000000000000e+00,1.592924938391840350e-01,9.627362417377955950e-01,0.000000000000000000e+00
1.009226578859553691e-04,0.000000000000000000e+00,0.000000000000000000e+00,0.000000000000000000e+00,0.000000000000000000e+00,1.711307170058808669e-01,9.105504613720090124e-01,1.248470830127892083e-02
9.671828913643063647e-05,0.000000000000000000e+00,0.000000000000000000e+00,0.000000000000000000e+00,0.000000000000000000e+00,8.495971273796990020e-02,9.771388857504825776e-01,2.957554368591468891e-02
1.038246675397626572e-04,0.000000000000000000e+00,0.000000000000000000e+00,0.000000000000000000e+00,0.000000000000000000e+00,3.219832998412416186e-02,9.891440171905038214e-01,6.154245192228316452e-02
9.818550267248989159e-05,0.000000000000000000e+00,0.000000000000000000e+00,0.000000000000000000e+00,0.000000000000000000e+00,3.055617927635548639e-02,9.048387418342284105e-01,1.432526764196016544e-01
1.809573335382074790e-04,0.000000000000000000e+00,0.000000000000000000e+00,0.000000000000000000e+00,0.000000000000000000e+00,5.556444656479919003e-02,7.707685088733666756e-01,2.322597195709943108e-01
1.408244641143702321e-04,0.000000000000000000e+00,0.000000000000000000e+00,0.000000000000000000e+00,0.000000000000000000e+00,1.927485915428152896e-01,8.613494728998776218e-01,7.032821040401220428e-03
2.302711563555334990e-05,0.000000000000000000e+00,0.000000000000000000e+00,0.000000000000000000e+00,0.000000000000000000e+00,2.126025549521224078e-01,8.379853041127646174e-01,0.000000000000000000e+00
1.939744289317837239e-04,0.000000000000000000e+00,0.000000000000000000e+00,0.000000000000000000e+00,0.000000000000000000e+00,2.916299528145806508e-01,7.649670960197180181e-01,0.000000000000000000e+00
3.797558272968807257e-05,0.000000000000000000e+00,0.000000000000000000e+00,0.000000000000000000e+00,0.000000000000000000e+00,3.866597128303771447e-01,6.745180553589138484e-01,0.000000000000000000e+00
1.187620017978619546e-05,0.000000000000000000e+00,0.000000000000000000e+00,0.000000000000000000e+00,0.000000000000000000e+00,3.972524478833832084e-01,6.737963184651249993e-01,0.000000000000000000e+00
6.195002002600570674e-09,0.000000000000000000e+00,0.000000000000000000e+00,0.000000000000000000e+00,0.000000000000000000e+00,4.000655917965540986e-01,6.803987214075459811e-01,0.000000000000000000e+00
0.000000000000000000e+00,0.000000000000000000e+00,0.000000000000000000e+00,0.000000000000000000e+00,0.000000000000000000e+00,5.956053987364282598e-01,4.914658689276886205e-01,0.000000000000000000e+00
0.000000000000000000e+00,0.000000000000000000e+00,0.000000000000000000e+00,0.000000000000000000e+00,0.000000000000000000e+00,5.030566506047560171e-01,5.990692898757103979e-01,0.000000000000000000e+00
0.000000000000000000e+00,0.000000000000000000e+00,0.000000000000000000e+00,0.000000000000000000e+00,0.000000000000000000e+00,5.092387778462708070e-01,5.995746720447684419e-01,0.000000000000000000e+00
0.000000000000000000e+00,0.000000000000000000e+00,0.000000000000000000e+00,0.000000000000000000e+00,0.000000000000000000e+00,5.618743827115552092e-01,5.483141354349363450e-01,0.000000000000000000e+00
0.000000000000000000e+00,0.000000000000000000e+00,0.000000000000000000e+00,0.000000000000000000e+00,0.000000000000000000e+00,5.899113894776627509e-01,5.215537976404324150e-01,0.000000000000000000e+00
0.000000000000000000e+00,0.000000000000000000e+00,0.000000000000000000e+00,0.000000000000000000e+00,0.000000000000000000e+00,6.384123677115400852e-01,4.716229118466838122e-01,0.000000000000000000e+00
0.000000000000000000e+00,0.000000000000000000e+00,0.000000000000000000e+00,0.000000000000000000e+00,0.000000000000000000e+00,6.778414799656454770e-01,4.289015860279775105e-01,0.000000000000000000e+00
0.000000000000000000e+00,0.000000000000000000e+00,0.000000000000000000e+00,0.000000000000000000e+00,0.000000000000000000e+00,7.097231643385288891e-01,3.873475668492609714e-01,0.000000000000000000e+00
0.000000000000000000e+00,0.000000000000000000e+00,0.000000000000000000e+00,0.000000000000000000e+00,0.000000000000000000e+00,7.070245394488141599e-01,3.866568781123532750e-01,0.000000000000000000e+00
2.539745736976357481e-03,0.000000000000000000e+00,1.532636025229370459e-06,0.000000000000000000e+00,0.000000000000000000e+00,6.962887652070862687e-01,3.852485445214130499e-01,0.000000000000000000e+00
1.104463256714959506e-02,0.000000000000000000e+00,5.390270122258298797e-07,0.000000000000000000e+00,0.000000000000000000e+00,6.794007709468796730e-01,3.948692831759975652e-01,0.000000000000000000e+00
1.478608419497145707e-02,0.000000000000000000e+00,0.000000000000000000e+00,0.000000000000000000e+00,0.000000000000000000e+00,6.584961100698289993e-01,4.073430500897228246e-01,0.000000000000000000e+00
9.425727838285782867e-03,0.000000000000000000e+00,0.000000000000000000e+00,0.000000000000000000e+00,0.000000000000000000e+00,8.492047545906078465e-01,2.094889659053197073e-01,0.000000000000000000e+00
2.069214201663472086e-01,0.000000000000000000e+00,0.000000000000000000e+00,0.000000000000000000e+00,0.000000000000000000e+00,5.486388387423908330e-01,3.277179390941867831e-01,0.000000000000000000e+00
2.646646886992127246e-01,0.000000000000000000e+00,0.000000000000000000e+00,0.000000000000000000e+00,0.000000000000000000e+00,6.256130237972662433e-01,1.982237335958305091e-01,0.000000000000000000e+00
1.584409850622557625e-01,0.000000000000000000e+00,0.000000000000000000e+00,0.000000000000000000e+00,0.000000000000000000e+00,5.678999758987739455e-01,3.657119563383803285e-01,0.000000000000000000e+00
8.078546656441956686e-02,0.000000000000000000e+00,0.000000000000000000e+00,0.000000000000000000e+00,0.000000000000000000e+00,2.427940345795136512e-01,7.750080741638253334e-01,0.000000000000000000e+00
0.000000000000000000e+00,0.000000000000000000e+00,0.000000000000000000e+00,0.000000000000000000e+00,0.000000000000000000e+00,1.203320031369860682e-01,9.971592988166478877e-01,0.000000000000000000e+00
2.116464439803013645e-02,0.000000000000000000e+00,0.000000000000000000e+00,0.000000000000000000e+00,0.000000000000000000e+00,4.552515695731919332e-02,9.999986839804978489e-01,0.000000000000000000e+00
1.255827202110268090e-02,0.000000000000000000e+00,0.000000000000000000e+00,0.000000000000000000e+00,0.000000000000000000e+00,9.750824174200591055e-02,9.999909845927988927e-01,0.000000000000000000e+00
4.803806531261110152e-02,0.000000000000000000e+00,0.000000000000000000e+00,0.000000000000000000e+00,0.000000000000000000e+00,6.210120636190523402e-02,9.999900285380989295e-01,0.000000000000000000e+00
1.179355466576574585e-01,0.000000000000000000e+00,0.000000000000000000e+00,0.000000000000000000e+00,0.000000000000000000e+00,5.885330881581431775e-05,9.999879744373026957e-01,0.000000000000000000e+00
7.262932064756748296e-02,0.000000000000000000e+00,0.000000000000000000e+00,0.000000000000000000e+00,0.000000000000000000e+00,6.667526653335222736e-03,1.000000000000000000e+00,0.000000000000000000e+00
1.032810153138369047e-01,0.000000000000000000e+00,0.000000000000000000e+00,0.000000000000000000e+00,0.000000000000000000e+00,7.205601514764369431e-05,9.999998969138383931e-01,0.000000000000000000e+00
6.560341615742376620e-02,0.000000000000000000e+00,0.000000000000000000e+00,0.000000000000000000e+00,0.000000000000000000e+00,3.632579852211544318e-03,1.000000000000000000e+00,0.000000000000000000e+00
9.874111043316249892e-02,0.000000000000000000e+00,5.967517300930683241e-05,0.000000000000000000e+00,0.000000000000000000e+00,3.009112241674250123e-05,9.999998593820716986e-01,0.000000000000000000e+00
1.144710173830294081e-01,0.000000000000000000e+00,2.376806976296916599e-04,0.000000000000000000e+00,0.000000000000000000e+00,3.712541111511611053e-06,9.999931674383309987e-01,0.000000000000000000e+00
0.000000000000000000e+00,0.000000000000000000e+00,1.093001214264753551e-01,0.000000000000000000e+00,0.000000000000000000e+00,2.373624056324666926e-06,9.999903007534907129e-01,0.000000000000000000e+00
5.431524002110852799e-04,0.000000000000000000e+00,8.615059962967613894e-02,0.000000000000000000e+00,0.000000000000000000e+00,2.395473567464906015e-06,9.999928458839945078e-01,0.000000000000000000e+00
2.763016886237447678e-01,0.000000000000000000e+00,7.931683273693901359e-01,0.000000000000000000e+00,0.000000000000000000e+00,0.000000000000000000e+00,6.582900713928137304e-02,0.000000000000000000e+00
1.390693519905653042e-01,0.000000000000000000e+00,9.379082190414937958e-01,0.000000000000000000e+00,0.000000000000000000e+00,0.000000000000000000e+00,1.012398697927945762e-02,0.000000000000000000e+00
7.778839309145532677e-02,0.000000000000000000e+00,9.996099306663394080e-01,0.000000000000000000e+00,0.000000000000000000e+00,0.000000000000000000e+00,2.360501967154661666e-05,0.000000000000000000e+00
4.994768818927214360e-02,0.000000000000000000e+00,1.000000000000000000e+00,0.000000000000000000e+00,0.000000000000000000e+00,1.147550507558054405e-05,1.700393628507421381e-05,0.000000000000000000e+00
7.379535975805066872e-02,0.000000000000000000e+00,9.999965379547719468e-01,0.000000000000000000e+00,0.000000000000000000e+00,1.579292531177507704e-08,0.000000000000000000e+00,0.000000000000000000e+00
7.702137033483910655e-02,0.000000000000000000e+00,9.999890108018103518e-01,0.000000000000000000e+00,0.000000000000000000e+00,1.226735949282226892e-03,0.000000000000000000e+00,0.000000000000000000e+00
6.418399099189105173e-02,0.000000000000000000e+00,9.999986406046150744e-01,0.000000000000000000e+00,0.000000000000000000e+00,1.057623383390255203e-02,0.000000000000000000e+00,0.000000000000000000e+00
1.419090813602906659e-05,0.000000000000000000e+00,9.999999617091588355e-01,0.000000000000000000e+00,0.000000000000000000e+00,8.620694431736489194e-02,0.000000000000000000e+00,0.000000000000000000e+00
0.000000000000000000e+00,0.000000000000000000e+00,9.697176073845812372e-01,0.000000000000000000e+00,0.000000000000000000e+00,1.779703108335574935e-01,0.000000000000000000e+00,0.000000000000000000e+00
1.189155148805812407e-04,0.000000000000000000e+00,6.301460502297520638e-02,0.000000000000000000e+00,0.000000000000000000e+00,1.000000000000000000e+00,0.000000000000000000e+00,0.000000000000000000e+00
0.000000000000000000e+00,0.000000000000000000e+00,1.580819246621344154e-01,0.000000000000000000e+00,0.000000000000000000e+00,9.998284505586968463e-01,0.000000000000000000e+00,0.000000000000000000e+00
0.000000000000000000e+00,0.000000000000000000e+00,1.281546664349593745e-01,0.000000000000000000e+00,0.000000000000000000e+00,1.000000000000000000e+00,0.000000000000000000e+00,0.000000000000000000e+00
0.000000000000000000e+00,0.000000000000000000e+00,1.011014780343991032e-01,0.000000000000000000e+00,0.000000000000000000e+00,1.000000000000000000e+00,0.000000000000000000e+00,0.000000000000000000e+00
0.000000000000000000e+00,0.000000000000000000e+00,8.878756415481427189e-02,0.000000000000000000e+00,0.000000000000000000e+00,1.000000000000000000e+00,0.000000000000000000e+00,0.000000000000000000e+00
0.000000000000000000e+00,0.000000000000000000e+00,1.376850083942186831e-01,0.000000000000000000e+00,0.000000000000000000e+00,1.000000000000000000e+00,0.000000000000000000e+00,0.000000000000000000e+00
0.000000000000000000e+00,0.000000000000000000e+00,1.155659357474275450e-01,0.000000000000000000e+00,0.000000000000000000e+00,1.000000000000000000e+00,0.000000000000000000e+00,0.000000000000000000e+00
4.985004932440836693e-03,0.000000000000000000e+00,7.362187587847683623e-02,0.000000000000000000e+00,0.000000000000000000e+00,1.000000000000000000e+00,0.000000000000000000e+00,0.000000000000000000e+00
7.559068940700583439e-02,0.000000000000000000e+00,3.824706254390560639e-02,0.000000000000000000e+00,0.000000000000000000e+00,9.999961921728854897e-01,0.000000000000000000e+00,0.000000000000000000e+00
1.112052478118991800e-01,0.000000000000000000e+00,2.715030531831720445e-05,0.000000000000000000e+00,0.000000000000000000e+00,9.998577600118716546e-01,0.000000000000000000e+00,0.000000000000000000e+00
1.192124414189060511e-01,0.000000000000000000e+00,2.384425018132100334e-03,0.000000000000000000e+00,0.000000000000000000e+00,9.996174615866822988e-01,0.000000000000000000e+00,0.000000000000000000e+00
1.101483326721552497e-01,0.000000000000000000e+00,6.509014476312478857e-04,0.000000000000000000e+00,0.000000000000000000e+00,9.999020328828358561e-01,0.000000000000000000e+00,0.000000000000000000e+00
7.108794610858769625e-01,0.000000000000000000e+00,9.105113826595054305e-02,0.000000000000000000e+00,0.000000000000000000e+00,3.212787951581408397e-01,0.000000000000000000e+00,0.000000000000000000e+00
9.998644710507592626e-01,0.000000000000000000e+00,1.160185680583654261e-01,0.000000000000000000e+00,0.000000000000000000e+00,6.248455914952678707e-04,0.000000000000000000e+00,0.000000000000000000e+00
9.894982823740587907e-01,0.000000000000000000e+00,1.516401733274603258e-01,0.000000000000000000e+00,0.000000000000000000e+00,0.000000000000000000e+00,0.000000000000000000e+00,0.000000000000000000e+00
9.546504612678217150e-01,0.000000000000000000e+00,1.631341627911266079e-01,0.000000000000000000e+00,0.000000000000000000e+00,0.000000000000000000e+00,0.000000000000000000e+00,0.000000000000000000e+00
5.171242878224836526e-01,0.000000000000000000e+00,6.353932950894968235e-01,0.000000000000000000e+00,0.000000000000000000e+00,0.000000000000000000e+00,0.000000000000000000e+00,0.000000000000000000e+00
3.024594242132548350e-01,0.000000000000000000e+00,8.459138619073102161e-01,0.000000000000000000e+00,0.000000000000000000e+00,0.000000000000000000e+00,0.000000000000000000e+00,0.000000000000000000e+00
1.275290893384130042e-01,0.000000000000000000e+00,9.998571693617109846e-01,0.000000000000000000e+00,0.000000000000000000e+00,0.000000000000000000e+00,0.000000000000000000e+00,0.000000000000000000e+00
1.497525594872665400e-01,0.000000000000000000e+00,9.988920610113780629e-01,0.000000000000000000e+00,0.000000000000000000e+00,0.000000000000000000e+00,0.000000000000000000e+00,0.000000000000000000e+00
1.586169912069734789e-01,0.000000000000000000e+00,9.987441069782954095e-01,0.000000000000000000e+00,0.000000000000000000e+00,0.000000000000000000e+00,0.000000000000000000e+00,0.000000000000000000e+00
1.377839280299414937e-01,0.000000000000000000e+00,1.000000000000000000e+00,0.000000000000000000e+00,0.000000000000000000e+00,4.824308667900494187e-05,0.000000000000000000e+00,0.000000000000000000e+00
3.366760866346137082e-02,0.000000000000000000e+00,1.000000000000000000e+00,0.000000000000000000e+00,0.000000000000000000e+00,1.002888440110308171e-01,0.000000000000000000e+00,0.000000000000000000e+00
0.000000000000000000e+00,0.000000000000000000e+00,7.025378523241286866e-01,0.000000000000000000e+00,0.000000000000000000e+00,4.713248946988763954e-01,0.000000000000000000e+00,0.000000000000000000e+00
0.000000000000000000e+00,0.000000000000000000e+00,1.855573837520148039e-01,0.000000000000000000e+00,0.000000000000000000e+00,9.997764073201799162e-01,0.000000000000000000e+00,0.000000000000000000e+00
0.000000000000000000e+00,0.000000000000000000e+00,1.490743674050382384e-01,0.000000000000000000e+00,0.000000000000000000e+00,1.000000000000000000e+00,0.000000000000000000e+00,0.000000000000000000e+00
0.000000000000000000e+00,0.000000000000000000e+00,1.258390562029110538e-01,0.000000000000000000e+00,0.000000000000000000e+00,1.000000000000000000e+00,0.000000000000000000e+00,9.265140071255879137e-06
1.676266334281004014e-04,0.000000000000000000e+00,1.345097877519806917e-01,0.000000000000000000e+00,0.000000000000000000e+00,1.000000000000000000e+00,0.000000000000000000e+00,0.000000000000000000e+00
7.850722946095164967e-02,0.000000000000000000e+00,1.543278404323849412e-02,0.000000000000000000e+00,0.000000000000000000e+00,1.000000000000000000e+00,0.000000000000000000e+00,4.209059390917637393e-05
8.649370289574868920e-02,0.000000000000000000e+00,1.084397208712619716e-04,0.000000000000000000e+00,0.000000000000000000e+00,1.000000000000000000e+00,0.000000000000000000e+00,4.745207564084425448e-05
7.389684907357088606e-02,0.000000000000000000e+00,2.719293338292820528e-04,0.000000000000000000e+00,1.573717482303339549e-04,1.000000000000000000e+00,0.000000000000000000e+00,1.333498510025440953e-03
6.077111206469085897e-02,0.000000000000000000e+00,2.270427880911540482e-04,0.000000000000000000e+00,9.427376622177809605e-04,1.000000000000000000e+00,0.000000000000000000e+00,5.618982740701348793e-04
6.057982862121579631e-02,0.000000000000000000e+00,5.863225641663999487e-06,0.000000000000000000e+00,6.933370263080037687e-04,1.000000000000000000e+00,0.000000000000000000e+00,4.164626154993468954e-04
1.837569862041375096e-02,0.000000000000000000e+00,1.379697293178202405e-04,0.000000000000000000e+00,2.550475411888506599e-02,1.000000000000000000e+00,0.000000000000000000e+00,1.457984838586259477e-02
9.660343451472689150e-03,0.000000000000000000e+00,5.565362690265707873e-02,0.000000000000000000e+00,2.286979620359483149e-03,1.000000000000000000e+00,0.000000000000000000e+00,4.284169837184259984e-05
7.604705388247651708e-03,0.000000000000000000e+00,4.473848921247526589e-02,0.000000000000000000e+00,3.789175764116363594e-03,1.000000000000000000e+00,2.192616841870106709e-03,4.416174205125888584e-05
6.982247023962515585e-03,0.000000000000000000e+00,5.712180964170023717e-02,0.000000000000000000e+00,9.010021509291851966e-04,9.997954046587053112e-01,7.078373842468914726e-04,2.187340456270709453e-05
2.223829807459230042e-04,0.000000000000000000e+00,9.832388745136196040e-02,0.000000000000000000e+00,2.346905364923624075e-04,9.985839839844130594e-01,0.000000000000000000e+00,0.000000000000000000e+00
6.284890255492446218e-03,0.000000000000000000e+00,9.088450537683925301e-01,0.000000000000000000e+00,1.731712176593690975e-05,1.907688591713166404e-01,0.000000000000000000e+00,0.000000000000000000e+00
0.000000000000000000e+00,0.000000000000000000e+00,9.996963605280596576e-01,0.000000000000000000e+00,0.000000000000000000e+00,1.292908195587351705e-01,0.000000000000000000e+00,0.000000000000000000e+00
0.000000000000000000e+00,0.000000000000000000e+00,9.965431914964684168e-01,0.000000000000000000e+00,0.000000000000000000e+00,1.349549604090767574e-01,0.000000000000000000e+00,0.000000000000000000e+00
1.913726383064612291e-03,0.000000000000000000e+00,9.999999997426238796e-01,0.000000000000000000e+00,0.000000000000000000e+00,1.235481939362408216e-01,0.000000000000000000e+00,0.000000000000000000e+00
1.794443609253918966e-03,0.000000000000000000e+00,9.999999989098147246e-01,0.000000000000000000e+00,0.000000000000000000e+00,1.299410191522425984e-01,0.000000000000000000e+00,0.000000000000000000e+00
9.605494096048415760e-05,0.000000000000000000e+00,9.999955564866321867e-01,0.000000000000000000e+00,0.000000000000000000e+00,1.409258031429961866e-01,0.000000000000000000e+00,0.000000000000000000e+00
3.679538952957979122e-04,0.000000000000000000e+00,9.954609285411524233e-01,0.000000000000000000e+00,0.000000000000000000e+00,1.514042260899311210e-01,0.000000000000000000e+00,0.000000000000000000e+00
0.000000000000000000e+00,0.000000000000000000e+00,9.436873484308018201e-01,0.000000000000000000e+00,0.000000000000000000e+00,2.142921263160441347e-01,0.000000000000000000e+00,0.000000000000000000e+00
3.115733968269510448e-03,0.000000000000000000e+00,5.319681557074322775e-01,0.000000000000000000e+00,0.000000000000000000e+00,6.001293444134591093e-01,0.000000000000000000e+00,0.000000000000000000e+00
5.023545008220146046e-01,0.000000000000000000e+00,5.330371050150831819e-03,0.000000000000000000e+00,0.000000000000000000e+00,6.430923765481926235e-01,0.000000000000000000e+00,0.000000000000000000e+00
5.154266327172001283e-01,0.000000000000000000e+00,1.239758020664327113e-03,0.000000000000000000e+00,0.000000000000000000e+00,6.246369653143478695e-01,0.000000000000000000e+00,0.000000000000000000e+00
5.449218999661116225e-01,0.000000000000000000e+00,9.864639393651110106e-05,0.000000000000000000e+00,0.000000000000000000e+00,5.905819888775672988e-01,0.000000000000000000e+00,0.000000000000000000e+00
4.896994991297998201e-01,0.000000000000000000e+00,0.000000000000000000e+00,0.000000000000000000e+00,0.000000000000000000e+00,6.415019923885232345e-01,0.000000000000000000e+00,0.000000000000000000e+00
4.209000287483905534e-01,0.000000000000000000e+00,0.000000000000000000e+00,0.000000000000000000e+00,0.000000000000000000e+00,7.037102128819953117e-01,0.000000000000000000e+00,0.000000000000000000e+00
1.185995531892838212e-01,0.000000000000000000e+00,0.000000000000000000e+00,0.000000000000000000e+00,0.000000000000000000e+00,9.913000007068201169e-01,0.000000000000000000e+00,0.000000000000000000e+00
9.620816349575432580e-02,0.000000000000000000e+00,7.148236268263073138e-05,0.000000000000000000e+00,0.000000000000000000e+00,1.000000000000000000e+00,0.000000000000000000e+00,0.000000000000000000e+00
2.000631245427471127e-05,0.000000000000000000e+00,1.018354684500574758e-01,0.000000000000000000e+00,0.000000000000000000e+00,9.993744879196789777e-01,0.000000000000000000e+00,0.000000000000000000e+00
0.000000000000000000e+00,0.000000000000000000e+00,1.250178180191116872e-01,0.000000000000000000e+00,2.054504045902609587e-04,9.924236992083806941e-01,0.000000000000000000e+00,0.000000000000000000e+00
0.000000000000000000e+00,0.000000000000000000e+00,6.019547045062900031e-02,0.000000000000000000e+00,5.503270819263693381e-02,9.943333166594673367e-01,0.000000000000000000e+00,0.000000000000000000e+00
0.000000000000000000e+00,0.000000000000000000e+00,8.208491472429016445e-02,0.000000000000000000e+00,1.041039561324863527e-01,9.487041937615811049e-01,0.000000000000000000e+00,0.000000000000000000e+00
0.000000000000000000e+00,0.000000000000000000e+00,2.296391832583939141e-01,0.000000000000000000e+00,1.226167711361218077e-01,8.043793594091157573e-01,0.000000000000000000e+00,0.000000000000000000e+00
0.000000000000000000e+00,0.000000000000000000e+00,5.059812999368702435e-01,0.000000000000000000e+00,3.756326139814909759e-02,6.149628907945821066e-01,0.000000000000000000e+00,0.000000000000000000e+00
0.000000000000000000e+00,0.000000000000000000e+00,5.264937195436002471e-01,0.000000000000000000e+00,1.362196795741818446e-04,6.539143439661266877e-01,0.000000000000000000e+00,0.000000000000000000e+00
0.000000000000000000e+00,0.000000000000000000e+00,8.595328353759883466e-01,0.000000000000000000e+00,1.863416413756904290e-04,3.152564910150864597e-01,0.000000000000000000e+00,0.000000000000000000e+00
0.000000000000000000e+00,0.000000000000000000e+00,8.116790640625460851e-01,0.000000000000000000e+00,1.908134077348770208e-04,3.563795211912726413e-01,0.000000000000000000e+00,0.000000000000000000e+00
0.000000000000000000e+00,0.000000000000000000e+00,1.000000000000000000e+00,0.000000000000000000e+00,3.004640667720391567e-02,9.383028088032645264e-02,0.000000000000000000e+00,0.000000000000000000e+00
0.000000000000000000e+00,0.000000000000000000e+00,1.000000000000000000e+00,0.000000000000000000e+00,9.759637923136650628e-02,4.646366624292013782e-03,0.000000000000000000e+00,0.000000000000000000e+00
0.000000000000000000e+00,0.000000000000000000e+00,1.000000000000000000e+00,0.000000000000000000e+00,6.995951690549129243e-02,3.869459096640446953e-04,4.797462551188923091e-07,3.447291310600487531e-06
0.000000000000000000e+00,0.000000000000000000e+00,1.000000000000000000e+00,0.000000000000000000e+00,8.181172636211862803e-02,0.000000000000000000e+00,3.607641273366754350e-06,1.299990194892134623e-05
0.000000000000000000e+00,0.000000000000000000e+00,9.999988467295610750e-01,0.000000000000000000e+00,0.000000000000000000e+00,0.000000000000000000e+00,1.650202602907163783e-05,9.686300126525534959e-02
0.000000000000000000e+00,0.000000000000000000e+00,1.000000000000000000e+00,0.000000000000000000e+00,5.673989524069983099e-04,0.000000000000000000e+00,9.623191803931271937e-03,6.097079691179672217e-02
0.000000000000000000e+00,0.000000000000000000e+00,8.990413428809110874e-01,0.000000000000000000e+00,0.000000000000000000e+00,0.000000000000000000e+00,5.682563053908813722e-02,1.439597359971082624e-01
0.000000000000000000e+00,0.000000000000000000e+00,2.998058277326081100e-01,0.000000000000000000e+00,0.000000000000000000e+00,0.000000000000000000e+00,8.195885461425127527e-01,1.696398318870483488e-05
0.000000000000000000e+00,0.000000000000000000e+00,4.901991474473766514e-02,0.000000000000000000e+00,0.000000000000000000e+00,0.000000000000000000e+00,1.000000000000000000e+00,4.997146336524616039e-02
3.663984880874084411e-06,0.000000000000000000e+00,3.291837938345550389e-05,0.000000000000000000e+00,0.000000000000000000e+00,0.000000000000000000e+00,1.000000000000000000e+00,6.535848777773008156e-02
3.457327029138020503e-04,0.000000000000000000e+00,1.004796809987931348e-04,0.000000000000000000e+00,0.000000000000000000e+00,0.000000000000000000e+00,1.000000000000000000e+00,6.193251146929582701e-02
0.000000000000000000e+00,0.000000000000000000e+00,2.273605454983991625e-05,0.000000000000000000e+00,0.000000000000000000e+00,0.000000000000000000e+00,1.000000000000000000e+00,7.085837993932649070e-02
1.013195005226132832e-03,0.000000000000000000e+00,3.782708324238205494e-06,0.000000000000000000e+00,0.000000000000000000e+00,0.000000000000000000e+00,1.000000000000000000e+00,5.948196940207876870e-02
1.129064728233383037e-03,0.000000000000000000e+00,0.000000000000000000e+00,0.000000000000000000e+00,0.000000000000000000e+00,3.335933842865683354e-05,1.000000000000000000e+00,5.730086544011168959e-02
5.376864695235854946e-02,0.000000000000000000e+00,0.000000000000000000e+00,0.000000000000000000e+00,0.000000000000000000e+00,1.105305636430063817e-03,1.000000000000000000e+00,1.130296574901236417e-02
7.890709805343780470e-02,0.000000000000000000e+00,0.000000000000000000e+00,0.000000000000000000e+00,0.000000000000000000e+00,7.060428122788876826e-03,1.000000000000000000e+00,4.645358212150417526e-05
8.889441701659918371e-02,0.000000000000000000e+00,0.000000000000000000e+00,0.000000000000000000e+00,0.000000000000000000e+00,6.468938131392062627e-03,1.000000000000000000e+00,1.157765902987487963e-05
3.479092353553044081e-02,0.000000000000000000e+00,0.000000000000000000e+00,0.000000000000000000e+00,0.000000000000000000e+00,7.765694462358113670e-02,1.000000000000000000e+00,0.000000000000000000e+00
7.908667210227220135e-02,0.000000000000000000e+00,0.000000000000000000e+00,0.000000000000000000e+00,0.000000000000000000e+00,3.724833362853870091e-03,1.000000000000000000e+00,6.550694298692973701e-04
9.049755658215989651e-02,0.000000000000000000e+00,0.000000000000000000e+00,0.000000000000000000e+00,0.000000000000000000e+00,3.630280178964311531e-09,1.000000000000000000e+00,0.000000000000000000e+00
4.407901861465059884e-02,0.000000000000000000e+00,0.000000000000000000e+00,0.000000000000000000e+00,0.000000000000000000e+00,1.389515488153462823e-05,1.000000000000000000e+00,4.390026056868850252e-02
8.465880395089261934e-02,0.000000000000000000e+00,0.000000000000000000e+00,0.000000000000000000e+00,0.000000000000000000e+00,2.115471368634501597e-06,1.000000000000000000e+00,9.219134130753821321e-03
3.261965460504861331e-02,0.000000000000000000e+00,0.000000000000000000e+00,0.000000000000000000e+00,0.000000000000000000e+00,4.724090458283949497e-07,9.994193798346104884e-01,6.495351437616678214e-02
5.284540427213946234e-02,0.000000000000000000e+00,0.000000000000000000e+00,0.000000000000000000e+00,0.000000000000000000e+00,0.000000000000000000e+00,9.996606654898765321e-01,4.595023291454526648e-02
7.076227796707655615e-02,0.000000000000000000e+00,2.966575492286921780e-04,0.000000000000000000e+00,0.000000000000000000e+00,0.000000000000000000e+00,9.997928303360433810e-01,2.510078543401097692e-02
2.832407877613158376e-01,0.000000000000000000e+00,0.000000000000000000e+00,0.000000000000000000e+00,0.000000000000000000e+00,0.000000000000000000e+00,8.203452068947714171e-01,0.000000000000000000e+00
1.133289021230006050e-01,0.000000000000000000e+00,8.942228280268076741e-05,0.000000000000000000e+00,0.000000000000000000e+00,0.000000000000000000e+00,9.926860902679511822e-01,8.485513198355430743e-05
5.721024471975229980e-02,0.000000000000000000e+00,3.068105961029163158e-03,0.000000000000000000e+00,0.000000000000000000e+00,4.598799759922895158e-05,1.000000000000000000e+00,1.865844426893689678e-02
8.966336110392546244e-02,0.000000000000000000e+00,0.000000000000000000e+00,0.000000000000000000e+00,0.000000000000000000e+00,0.000000000000000000e+00,9.991433438323575889e-01,3.733383457071496464e-02
1.233017796942979805e-01,0.000000000000000000e+00,0.000000000000000000e+00,0.000000000000000000e+00,0.000000000000000000e+00,0.000000000000000000e+00,9.999799030777778430e-01,2.571850023474178584e-05
8.902288659485155242e-02,0.000000000000000000e+00,1.467904707089584602e-05,0.000000000000000000e+00,0.000000000000000000e+00,8.045518704371545666e-04,1.000000000000000000e+00,7.818951176614514717e-05
8.973569058589229985e-02,0.000000000000000000e+00,0.000000000000000000e+00,0.000000000000000000e+00,0.000000000000000000e+00,2.447147334072462266e-02,1.000000000000000000e+00,1.934882371727278494e-05
7.847057828646392119e-03,0.000000000000000000e+00,0.000000000000000000e+00,0.000000000000000000e+00,0.000000000000000000e+00,8.088003786074132728e-02,1.000000000000000000e+00,5.639309386359323559e-05
2.699309336867711240e-03,0.000000000000000000e+00,0.000000000000000000e+00,0.000000000000000000e+00,0.000000000000000000e+00,9.186385299293603479e-02,1.000000000000000000e+00,3.157553609538110858e-05
0.000000000000000000e+00,0.000000000000000000e+00,0.000000000000000000e+00,0.000000000000000000e+00,0.000000000000000000e+00,1.358992689343085092e-01,9.999553847724289568e-01,0.000000000000000000e+00
9.655988142667174413e-04,0.000000000000000000e+00,0.000000000000000000e+00,0.000000000000000000e+00,0.000000000000000000e+00,1.051799165722129836e-01,1.000000000000000000e+00,2.137180240553914433e-05
7.194942330623204339e-03,0.000000000000000000e+00,0.000000000000000000e+00,0.000000000000000000e+00,0.000000000000000000e+00,8.024028441994109084e-02,1.000000000000000000e+00,2.711141294964401348e-04
7.826349691558841248e-03,0.000000000000000000e+00,0.000000000000000000e+00,0.000000000000000000e+00,0.000000000000000000e+00,7.471295163608081269e-02,1.000000000000000000e+00,2.628773942620744961e-03
0.000000000000000000e+00,0.000000000000000000e+00,0.000000000000000000e+00,0.000000000000000000e+00,0.000000000000000000e+00,0.000000000000000000e+00,9.984029900281393699e-01,1.310188910725305078e-01
1.224483153016739205e-02,0.000000000000000000e+00,0.000000000000000000e+00,0.000000000000000000e+00,0.000000000000000000e+00,9.987222752136195800e-03,1.000000000000000000e+00,3.249272352293725713e-02
1.852147014578999846e-06,0.000000000000000000e+00,0.000000000000000000e+00,0.000000000000000000e+00,0.000000000000000000e+00,0.000000000000000000e+00,9.958569751827537342e-01,1.024734779820679897e-01
0.000000000000000000e+00,0.000000000000000000e+00,0.000000000000000000e+00,0.000000000000000000e+00,0.000000000000000000e+00,0.000000000000000000e+00,1.000000000000000000e+00,9.354140136907010405e-02
0.000000000000000000e+00,0.000000000000000000e+00,0.000000000000000000e+00,0.000000000000000000e+00,0.000000000000000000e+00,0.000000000000000000e+00,8.619936656786363338e-01,2.537697285666440372e-01
0.000000000000000000e+00,0.000000000000000000e+00,0.000000000000000000e+00,0.000000000000000000e+00,0.000000000000000000e+00,0.000000000000000000e+00,6.421633279825429419e-01,4.686176486931278862e-01
0.000000000000000000e+00,0.000000000000000000e+00,0.000000000000000000e+00,0.000000000000000000e+00,0.000000000000000000e+00,0.000000000000000000e+00,7.136979107921960219e-01,4.240990737515041853e-01
0.000000000000000000e+00,0.000000000000000000e+00,0.000000000000000000e+00,1.407039763723747810e-08,0.000000000000000000e+00,0.000000000000000000e+00,5.206554655602609882e-01,6.021622950575270528e-01
0.000000000000000000e+00,0.000000000000000000e+00,1.396182547889244596e-06,6.936797251025122519e-08,0.000000000000000000e+00,8.920593221266554873e-04,4.947104440741513232e-01,5.827068675245167251e-01
0.000000000000000000e+00,0.000000000000000000e+00,0.000000000000000000e+00,1.652816994390686854e-06,0.000000000000000000e+00,6.581620580222238281e-01,2.892391970698159898e-01,1.451035004851387589e-01
0.000000000000000000e+00,0.000000000000000000e+00,0.000000000000000000e+00,3.911431589573658059e-08,0.000000000000000000e+00,9.643817736828577125e-01,1.594997600793920389e-01,1.276728147095558747e-04
0.000000000000000000e+00,0.000000000000000000e+00,0.000000000000000000e+00,4.462681463985496181e-08,0.000000000000000000e+00,9.999053314788169944e-01,1.165397226647162526e-01,6.343471852475791070e-05
0.000000000000000000e+00,0.000000000000000000e+00,0.000000000000000000e+00,2.362136719095018565e-08,0.000000000000000000e+00,9.999820657278746250e-01,1.404096508042850522e-01,1.927006598234444257e-05
0.000000000000000000e+00,0.000000000000000000e+00,0.000000000000000000e+00,2.604736111456021102e-08,0.000000000000000000e+00,9.998873560177532482e-01,1.345473446521510130e-01,3.191309761952103221e-05
0.000000000000000000e+00,0.000000000000000000e+00,0.000000000000000000e+00,1.537076282747628598e-08,0.000000000000000000e+00,9.996942957661187901e-01,1.439624994733160468e-01,1.152363314264755608e-05
0.000000000000000000e+00,0.000000000000000000e+00,0.000000000000000000e+00,2.200169087911809574e-09,0.000000000000000000e+00,9.982144938540298273e-01,1.569182586591670592e-01,0.000000000000000000e+00
0.000000000000000000e+00,0.000000000000000000e+00,0.000000000000000000e+00,0.000000000000000000e+00,0.000000000000000000e+00,9.985280023278291228e-01,1.647689378159935270e-01,0.000000000000000000e+00
0.000000000000000000e+00,0.000000000000000000e+00,0.000000000000000000e+00,0.000000000000000000e+00,0.000000000000000000e+00,9.974888973264096625e-01,1.594391713534009936e-01,0.000000000000000000e+00
0.000000000000000000e+00,0.000000000000000000e+00,0.000000000000000000e+00,0.000000000000000000e+00,0.000000000000000000e+00,9.989221775684363758e-01,1.551854390231303393e-01,0.000000000000000000e+00
0.000000000000000000e+00,0.000000000000000000e+00,0.000000000000000000e+00,0.000000000000000000e+00,0.000000000000000000e+00,9.953639257790002359e-01,1.462792302433301161e-01,0.000000000000000000e+00
0.000000000000000000e+00,0.000000000000000000e+00,0.000000000000000000e+00,0.000000000000000000e+00,0.000000000000000000e+00,9.964717804697846848e-01,1.342607812447320637e-01,0.000000000000000000e+00
0.000000000000000000e+00,0.000000000000000000e+00,0.000000000000000000e+00,1.523033589450073877e-08,0.000000000000000000e+00,9.999602361403222561e-01,1.027486529463534914e-01,3.327184996725406093e-06
0.000000000000000000e+00,0.000000000000000000e+00,0.000000000000000000e+00,1.592921033456943261e-05,0.000000000000000000e+00,7.335415280365780166e-01,3.567323453616995099e-01,4.198360753183327305e-05
0.000000000000000000e+00,0.000000000000000000e+00,0.000000000000000000e+00,4.789738017225198842e-05,0.000000000000000000e+00,6.810159496072888397e-01,3.887610919023711809e-01,7.674845405454302529e-03
0.000000000000000000e+00,0.000000000000000000e+00,0.000000000000000000e+00,6.915482793790465898e-05,0.000000000000000000e+00,3.180114355528740333e-01,2.579359759393364260e-01,4.995261842133909003e-01
0.000000000000000000e+00,0.000000000000000000e+00,0.000000000000000000e+00,1.780545690979903038e-04,0.000000000000000000e+00,3.102629394216408487e-01,1.213008623340865177e-01,6.335589109678729791e-01
0.000000000000000000e+00,0.000000000000000000e+00,0.000000000000000000e+00,3.096050493974616675e-04,0.000000000000000000e+00,1.828195390686215838e-01,8.021438656909148006e-06,8.868533240841973697e-01
0.000000000000000000e+00,0.000000000000000000e+00,0.000000000000000000e+00,2.225491867564851570e-03,0.000000000000000000e+00,1.126370629169221871e-01,1.214962388403718272e-04,9.284513436998691471e-01
0.000000000000000000e+00,0.000000000000000000e+00,0.000000000000000000e+00,3.465030403701732545e-04,0.000000000000000000e+00,2.181323676039519655e-01,1.657443374523464590e-05,8.262350715435509141e-01
0.000000000000000000e+00,0.000000000000000000e+00,0.000000000000000000e+00,8.561527639707537901e-05,0.000000000000000000e+00,2.849487509507681593e-01,0.000000000000000000e+00,8.436123855964997587e-01
0.000000000000000000e+00,0.000000000000000000e+00,0.000000000000000000e+00,9.747869233102150754e-02,0.000000000000000000e+00,6.628056699717949085e-01,0.000000000000000000e+00,2.914197863890546358e-01
0.000000000000000000e+00,0.000000000000000000e+00,0.000000000000000000e+00,2.580928985797572572e-01,0.000000000000000000e+00,7.805507106606019985e-01,0.000000000000000000e+00,1.952793055584512577e-02
8.857848602046697849e-04,0.000000000000000000e+00,0.000000000000000000e+00,9.913754408835153548e-03,7.880822320642823066e-08,1.000000000000000000e+00,2.773334205930639329e-05,7.792711146729225900e-03
0.000000000000000000e+00,0.000000000000000000e+00,0.000000000000000000e+00,4.340706441263685739e-02,0.000000000000000000e+00,9.999666138929093062e-01,0.000000000000000000e+00,1.555791258828933057e-02
0.000000000000000000e+00,0.000000000000000000e+00,0.000000000000000000e+00,6.382701055272531343e-02,0.000000000000000000e+00,9.999876900762612042e-01,0.000000000000000000e+00,0.000000000000000000e+00
0.000000000000000000e+00,0.000000000000000000e+00,0.000000000000000000e+00,7.003408947317318889e-02,1.914674768117865498e-06,1.000000000000000000e+00,2.378935333765202993e-05,0.000000000000000000e+00
0.000000000000000000e+00,0.000000000000000000e+00,0.000000000000000000e+00,1.250374963108228932e-01,0.000000000000000000e+00,9.999098767148991707e-01,0.000000000000000000e+00,0.000000000000000000e+00
0.000000000000000000e+00,0.000000000000000000e+00,3.739631940314157300e-06,2.628423259990967514e-02,1.947877005892766186e-04,1.000000000000000000e+00,3.433017054855153072e-02,0.000000000000000000e+00
0.000000000000000000e+00,0.000000000000000000e+00,5.057591637191135230e-06,1.554390252033992746e-03,8.262423125948274456e-04,1.000000000000000000e+00,6.574768498714107789e-02,0.000000000000000000e+00
0.000000000000000000e+00,0.000000000000000000e+00,0.000000000000000000e+00,0.000000000000000000e+00,1.515531176150328260e-05,9.998992362137433254e-01,1.581438810813821094e-01,0.000000000000000000e+00
0.000000000000000000e+00,0.000000000000000000e+00,0.000000000000000000e+00,0.000000000000000000e+00,8.873796476549960014e-05,9.999619759120171869e-01,1.334325580872212369e-01,0.000000000000000000e+00
0.000000000000000000e+00,0.000000000000000000e+00,0.000000000000000000e+00,0.000000000000000000e+00,1.427927301033848244e-04,9.999474257127325405e-01,1.301548595982381651e-01,0.000000000000000000e+00
0.000000000000000000e+00,0.000000000000000000e+00,0.000000000000000000e+00,0.000000000000000000e+00,8.130285287489702353e-05,9.998072827073883895e-01,1.497631839926961694e-01,0.000000000000000000e+00
0.000000000000000000e+00,0.000000000000000000e+00,0.000000000000000000e+00,0.000000000000000000e+00,9.792550962777034492e-05,9.979734975843997935e-01,1.360999364563960368e-01,0.000000000000000000e+00
0.000000000000000000e+00,0.000000000000000000e+00,0.000000000000000000e+00,0.000000000000000000e+00,4.380370268721598325e-04,9.478216339238982879e-01,1.511444810669149985e-01,0.000000000000000000e+00
0.000000000000000000e+00,0.000000000000000000e+00,0.000000000000000000e+00,4.429899641507853295e-04,6.918609642845456381e-04,8.495727018237181349e-01,2.208161130248596227e-01,0.000000000000000000e+00
0.000000000000000000e+00,0.000000000000000000e+00,0.000000000000000000e+00,0.000000000000000000e+00,6.312925886538187363e-05,7.057027606286613297e-01,4.088353864837367402e-01,0.000000000000000000e+00
0.000000000000000000e+00,0.000000000000000000e+00,0.000000000000000000e+00,2.766852371001131683e-01,2.100654037720062553e-02,2.602813944767473631e-01,4.958313923683403956e-01,0.000000000000000000e+00
0.000000000000000000e+00,0.000000000000000000e+00,4.440899466010453323e-07,5.819625967492706442e-01,5.987374246257085031e-02,5.018894422775379421e-02,3.323832483625452361e-01,6.886561564673603260e-03
0.000000000000000000e+00,0.000000000000000000e+00,0.000000000000000000e+00,5.220752064713123364e-01,3.362791353290101731e-02,0.000000000000000000e+00,4.954071185735929306e-01,1.278391131700633938e-03
2.776937896584939138e-05,0.000000000000000000e+00,0.000000000000000000e+00,9.734854177771921913e-02,7.916450131391727474e-05,6.678952653636933967e-02,8.853344831663061409e-01,7.569528419070976932e-05
9.115487574423394076e-04,0.000000000000000000e+00,0.000000000000000000e+00,5.656082734917111318e-03,9.042456017215365566e-04,1.255334740098940360e-01,8.866516306623221100e-01,3.908397236064845709e-03
8.495191437681240019e-04,0.000000000000000000e+00,6.377753228369796926e-03,1.369030829292725463e-05,2.402896809174345273e-04,1.142923347660085992e-01,9.083128815773404696e-01,7.596760984546918095e-04
3.711895760830511760e-04,0.000000000000000000e+00,4.375418283024196044e-04,0.000000000000000000e+00,1.637951476083907276e-06,1.425123357225306642e-01,9.107961030438891381e-01,8.543758782051420351e-05
0.000000000000000000e+00,0.000000000000000000e+00,8.139021576001743670e-04,0.000000000000000000e+00,0.000000000000000000e+00,1.478802892853949835e-01,9.374561518615763811e-01,0.000000000000000000e+00
0.000000000000000000e+00,0.000000000000000000e+00,5.442132616352402625e-04,0.000000000000000000e+00,0.000000000000000000e+00,1.423251057292469202e-01,9.721166349430052644e-01,0.000000000000000000e+00
0.000000000000000000e+00,0.000000000000000000e+00,0.000000000000000000e+00,0.000000000000000000e+00,0.000000000000000000e+00,1.372228491820919327e-01,9.996577244047056832e-01,0.000000000000000000e+00
0.000000000000000000e+00,0.000000000000000000e+00,0.000000000000000000e+00,0.000000000000000000e+00,0.000000000000000000e+00,1.513914948290911167e-01,9.999972506665394389e-01,0.000000000000000000e+00
0.000000000000000000e+00,0.000000000000000000e+00,0.000000000000000000e+00,0.000000000000000000e+00,0.000000000000000000e+00,1.801583646259729554e-01,9.999963444242792043e-01,0.000000000000000000e+00
0.000000000000000000e+00,0.000000000000000000e+00,0.000000000000000000e+00,0.000000000000000000e+00,0.000000000000000000e+00,2.027508150838012724e-01,9.999812281039369699e-01,0.000000000000000000e+00
0.000000000000000000e+00,0.000000000000000000e+00,0.000000000000000000e+00,0.000000000000000000e+00,0.000000000000000000e+00,2.225630181631010063e-01,9.804312793704783591e-01,0.000000000000000000e+00
0.000000000000000000e+00,0.000000000000000000e+00,0.000000000000000000e+00,0.000000000000000000e+00,0.000000000000000000e+00,4.802420856211668809e-01,7.281175331574554210e-01,0.000000000000000000e+00
0.000000000000000000e+00,0.000000000000000000e+00,0.000000000000000000e+00,0.000000000000000000e+00,0.000000000000000000e+00,5.842904762942775498e-01,5.741129344385820232e-01,0.000000000000000000e+00
2.323376295551949711e-04,0.000000000000000000e+00,0.000000000000000000e+00,0.000000000000000000e+00,0.000000000000000000e+00,5.417088418155554530e-01,5.808936837826881305e-01,0.000000000000000000e+00
9.775939428408039061e-03,0.000000000000000000e+00,0.000000000000000000e+00,0.000000000000000000e+00,0.000000000000000000e+00,5.819796388387913355e-01,5.311794905087156016e-01,0.000000000000000000e+00
3.679438390744371474e-03,0.000000000000000000e+00,0.000000000000000000e+00,0.000000000000000000e+00,0.000000000000000000e+00,7.735277627658798671e-01,2.569142937703153273e-01,5.030754678907507771e-02
1.319215849379784923e-03,0.000000000000000000e+00,0.000000000000000000e+00,0.000000000000000000e+00,3.712334390797490946e-01,5.663663017156107538e-01,1.088848578754881974e-01,3.763506835039147347e-02
5.231348239829655949e-04,0.000000000000000000e+00,0.000000000000000000e+00,0.000000000000000000e+00,9.430716468912926365e-01,6.448114180922910610e-02,1.706735809582768382e-02,2.838577168557118724e-02
0.000000000000000000e+00,0.000000000000000000e+00,0.000000000000000000e+00,0.000000000000000000e+00,9.802046987696061420e-01,3.139349097773939251e-02,2.607863634801890502e-03,4.550418932837942826e-02
0.000000000000000000e+00,0.000000000000000000e+00,0.000000000000000000e+00,0.000000000000000000e+00,9.926760632665206918e-01,2.805340587159209950e-04,1.165432379407234652e-04,7.412983225914560048e-02
0.000000000000000000e+00,0.000000000000000000e+00,0.000000000000000000e+00,0.000000000000000000e+00,9.926073659401170035e-01,0.000000000000000000e+00,1.285966360217875507e-05,8.501429555621427270e-02
0.000000000000000000e+00,0.000000000000000000e+00,0.000000000000000000e+00,0.000000000000000000e+00,9.967145895035590675e-01,0.000000000000000000e+00,5.361258727663628841e-06,6.963833668580469982e-02
0.000000000000000000e+00,0.000000000000000000e+00,0.000000000000000000e+00,0.000000000000000000e+00,9.999336061427814837e-01,0.000000000000000000e+00,2.835936609642617843e-05,4.489946510933443685e-02
0.000000000000000000e+00,0.000000000000000000e+00,0.000000000000000000e+00,0.000000000000000000e+00,9.979176599613094334e-01,0.000000000000000000e+00,0.000000000000000000e+00,5.587396103609806874e-02
0.000000000000000000e+00,0.000000000000000000e+00,0.000000000000000000e+00,0.000000000000000000e+00,9.037048327111778523e-01,0.000000000000000000e+00,0.000000000000000000e+00,1.785561841755787804e-01
0.000000000000000000e+00,0.000000000000000000e+00,0.000000000000000000e+00,1.338299967943655175e-03,4.973696028007099090e-01,2.739376788195127836e-04,7.536807267904017948e-04,5.322309032247101168e-01
0.000000000000000000e+00,0.000000000000000000e+00,3.097744197376329188e-03,6.487297852840269163e-01,1.279573988873290713e-01,0.000000000000000000e+00,0.000000000000000000e+00,2.579962713406216412e-01
0.000000000000000000e+00,0.000000000000000000e+00,0.000000000000000000e+00,9.093765432405609417e-01,1.430725146024761640e-01,0.000000000000000000e+00,0.000000000000000000e+00,5.766265216368493466e-09
0.000000000000000000e+00,0.000000000000000000e+00,5.180645107566316963e-04,9.995967534851450953e-01,2.717329292831039897e-02,0.000000000000000000e+00,0.000000000000000000e+00,4.523098943545375214e-03
0.000000000000000000e+00,7.259589097602882124e-06,1.680731423814894399e-03,9.997941954268586562e-01,2.555804833540413403e-03,0.000000000000000000e+00,0.000000000000000000e+00,1.393692386408744172e-03
0.000000000000000000e+00,0.000000000000000000e+00,0.000000000000000000e+00,5.566659618765597006e-01,0.000000000000000000e+00,0.000000000000000000e+00,4.880991931743403622e-01,9.972112177631067722e-06
0.000000000000000000e+00,0.000000000000000000e+00,0.000000000000000000e+00,1.735580364874613202e-01,0.000000000000000000e+00,0.000000000000000000e+00,8.737512194778954688e-01,7.016119423367933629e-06
0.000000000000000000e+00,0.000000000000000000e+00,0.000000000000000000e+00,8.304577616250743977e-02,0.000000000000000000e+00,0.000000000000000000e+00,9.854001759419963591e-01,1.128011900146349304e-06
0.000000000000000000e+00,0.000000000000000000e+00,0.000000000000000000e+00,9.799567849280024778e-02,0.000000000000000000e+00,0.000000000000000000e+00,9.950106123879653985e-01,0.000000000000000000e+00
0.000000000000000000e+00,0.000000000000000000e+00,0.000000000000000000e+00,9.111717213150077876e-02,0.000000000000000000e+00,0.000000000000000000e+00,9.974408169501841614e-01,0.000000000000000000e+00
0.000000000000000000e+00,0.000000000000000000e+00,0.000000000000000000e+00,9.938044101676510311e-02,0.000000000000000000e+00,0.000000000000000000e+00,9.979485573664369502e-01,0.000000000000000000e+00
0.000000000000000000e+00,0.000000000000000000e+00,0.000000000000000000e+00,9.670095092333559628e-02,0.000000000000000000e+00,0.000000000000000000e+00,9.989837461629278437e-01,0.000000000000000000e+00
0.000000000000000000e+00,0.000000000000000000e+00,0.000000000000000000e+00,8.763906756977371537e-02,0.000000000000000000e+00,0.000000000000000000e+00,9.997916615516220240e-01,0.000000000000000000e+00
0.000000000000000000e+00,0.000000000000000000e+00,0.000000000000000000e+00,7.830734909468935190e-02,0.000000000000000000e+00,0.000000000000000000e+00,9.999455135416582818e-01,0.000000000000000000e+00
0.000000000000000000e+00,0.000000000000000000e+00,0.000000000000000000e+00,7.745894598453714752e-02,0.000000000000000000e+00,1.164541440644601058e-05,9.999206878877132665e-01,0.000000000000000000e+00
0.000000000000000000e+00,0.000000000000000000e+00,0.000000000000000000e+00,1.875189664351379487e-02,0.000000000000000000e+00,2.692355100521325387e-02,9.999703097796966977e-01,0.000000000000000000e+00
0.000000000000000000e+00,0.000000000000000000e+00,0.000000000000000000e+00,6.585216115518045810e-02,0.000000000000000000e+00,6.188414901665630660e-05,9.998808993404020296e-01,0.000000000000000000e+00
0.000000000000000000e+00,0.000000000000000000e+00,0.000000000000000000e+00,8.056107228900781514e-02,0.000000000000000000e+00,4.154011453719905473e-06,9.989908736802528555e-01,0.000000000000000000e+00
0.000000000000000000e+00,0.000000000000000000e+00,3.209097357129745104e-04,9.204542644684352015e-02,0.000000000000000000e+00,1.165476278425237292e-05,9.593637533266123896e-01,0.000000000000000000e+00
0.000000000000000000e+00,0.000000000000000000e+00,3.239062079115620973e-04,9.762359012644211687e-01,0.000000000000000000e+00,3.831894394852419965e-07,7.076230370554270621e-02,0.000000000000000000e+00
2.639051362575841586e-08,0.000000000000000000e+00,3.251216335835705297e-04,9.999691689093105351e-01,0.000000000000000000e+00,1.976569226170986116e-06,2.534861647099711721e-02,0.000000000000000000e+00
4.413267969205695085e-06,0.000000000000000000e+00,9.785645093054100383e-04,9.998388966372167008e-01,0.000000000000000000e+00,3.171708392620864570e-06,6.463671897332850212e-03,1.105819735386411859e-04
2.003070409425076765e-05,0.000000000000000000e+00,1.191943619882882867e-03,9.999058373118323573e-01,0.000000000000000000e+00,0.000000000000000000e+00,1.347773408628403710e-03,0.000000000000000000e+00
