2.149578426840218770e-01,1.157295327991304940e-01,6.521725929715243009e-01,1.157295328410953006e-01,2.149578427467755126e-01,6.974898012447349194e-01,4.315774346476965451e-01,1.098358856042625821e-02,4.315774347813066125e-01,6.974898013323128643e-01
2.563826118502915974e-01,3.373652320641960106e-02,5.317747249278322874e-01,3.373652325748209557e-02,2.563826119486178889e-01,7.211470606820169493e-01,7.780227135256218007e-01,2.632525514706378633e-01,7.780227136478669037e-01,7.211470607550566347e-01
2.989006647856353727e-01,3.277838022488859249e-01,5.647248724740336900e-01,3.277838023032232373e-01,2.989006649184168807e-01,6.973193495707791234e-01,1.000000000000000000e+00,9.465521407319725800e-01,1.000000000000000000e+00,6.973193496298292215e-01
3.353533603749297987e-01,5.652611683165911227e-01,6.913576431047312454e-01,5.652611683705399681e-01,3.353533605388573924e-01,6.241630620201488178e-01,1.000000000000000000e+00,1.000000000000000000e+00,1.000000000000000000e+00,6.241630620655049810e-01
3.637841373430448222e-01,7.102096239628834518e-01,7.116439619108063663e-01,7.102096240120606696e-01,3.637841375337895755e-01,5.115697348915606568e-01,9.513147517154489918e-01,1.000000000000000000e+00,9.513147517752231774e-01,5.115697349241568048e-01
3.857327016837016620e-01,7.404742126075964936e-01,6.376724130054474138e-01,7.404742126477634745e-01,3.857327018954997411e-01,3.788284325790527984e-01,9.854118625404502119e-01,9.986077862723108378e-01,9.854118623397390975e-01,3.788284326002580582e-01
4.036093644936097902e-01,6.633962883439951108e-01,4.902006971085998144e-01,6.633962883751467476e-01,4.036093647204977430e-01,2.494754612667186566e-01,9.559746540863771624e-01,9.470400429970922129e-01,9.559746541155424993e-01,2.494754612787004056e-01
4.199986411916904472e-01,5.158290679496122522e-01,2.981101092264041852e-01,5.158290679734065520e-01,4.199986414283768399e-01,1.461304215178667321e-01,7.814909494296687908e-01,9.069478121774935397e-01,7.814909494518472721e-01,1.461304215235514903e-01
4.365999869681570500e-01,3.491582833533246055e-01,1.231727398176930832e-01,3.491582833724415913e-01,4.365999872103371038e-01,8.691242420929232160e-02,6.435581626704434122e-01,4.847664621213585434e-01,6.435581626944136824e-01,8.691242421205905289e-02
4.534701138010476806e-01,2.100275467297748333e-01,2.033744480089443030e-02,2.100275467470867352e-01,4.534701140452740975e-01,8.423550245612029808e-02,5.714124805934562845e-01,1.827890434897876948e-01,5.714124806268423562e-01,8.423550245951247351e-02
4.694504631005109174e-01,1.311850290529955609e-01,7.498037177454186693e-03,1.311850290709654643e-01,4.694504633436204499e-01,1.442401601960436874e-01,5.751127310531854997e-01,5.663743867790991399e-02,5.751127311016376309e-01,1.442401602035787711e-01
4.830515707207628240e-01,1.287460302203060625e-01,5.974567848785928420e-02,1.287460302409561275e-01,4.830515709590393891e-01,2.660169955605782843e-01,6.493128111156369897e-01,1.207468803473863289e-01,6.493128111823887050e-01,2.660169955755548599e-01
4.930876452880936789e-01,2.014745070099484836e-01,1.207971462330157952e-01,2.014745070349976130e-01,4.930876455163835659e-01,4.407729036382340704e-01,7.746498518905376995e-01,3.508496102347729573e-01,7.746498519760639523e-01,4.407729036634315256e-01
4.987589901267019399e-01,3.321205183853396803e-01,1.176606838391633519e-01,3.321205184162955848e-01,4.987589903379784362e-01,6.513304052298203306e-01,9.168161917488784063e-01,6.880507699600336702e-01,9.168161918504381669e-01,6.513304052670988442e-01
4.994502803278248471e-01,4.907308802225556210e-01,7.211712032298111239e-05,4.907308802602787234e-01,4.994502805134626855e-01,8.726467385249704334e-01,1.000000000000000000e+00,8.515890346289239909e-01,1.000000000000000000e+00,8.726467385749246963e-01
4.955575075563635190e-01,6.377701820377013053e-01,1.302222784808121283e-04,6.377701820822346823e-01,4.955575077077685187e-01,9.784691412510941877e-01,1.000000000000000000e+00,9.289843876402628098e-01,1.000000000000000000e+00,9.784691413242050384e-01
4.923018239132408991e-01,7.277129193155748021e-01,0.000000000000000000e+00,7.277129193659149786e-01,4.923018240252816646e-01,9.529773061311714866e-01,9.676582327201181943e-01,9.311496018297537036e-01,9.676582328257882226e-01,9.529773062050596044e-01
4.941528631808230210e-01,7.247952030126235679e-01,0.000000000000000000e+00,7.247952030668136647e-01,4.941528632527337761e-01,1.000000000000000000e+00,7.741085641824082542e-01,9.951386719705079820e-01,7.741085642740835882e-01,1.000000000000000000e+00
5.031675587213000345e-01,6.224026607733529337e-01,0.000000000000000000e+00,6.224026608297409391e-01,5.031675587545674233e-01,1.000000000000000000e+00,5.191927063136531073e-01,9.368202345882740145e-01,5.191927063883012838e-01,1.000000000000000000e+00
5.240558258218758203e-01,4.530789155002358792e-01,0.000000000000000000e+00,4.530789155581531613e-01,5.240558258194776275e-01,1.000000000000000000e+00,2.653311602300035821e-01,8.507693515121170780e-01,2.653311602882409415e-01,1.000000000000000000e+00
5.607554029782367833e-01,2.771776639311602786e-01,0.000000000000000000e+00,2.771776639909908080e-01,5.607554029435660725e-01,9.935247324121964096e-01,6.776070836428947641e-02,6.942773869279118548e-01,6.776070840932797712e-02,9.935247325276050923e-01
6.134235075410228166e-01,1.560753379277897979e-01,0.000000000000000000e+00,1.560753379915275074e-01,6.134235074780504116e-01,9.258263103432209373e-01,0.000000000000000000e+00,4.042124279499935136e-01,0.000000000000000000e+00,9.258263104851274239e-01
6.784789165272411271e-01,1.302445839439630715e-01,0.000000000000000000e+00,1.302445840136189081e-01,6.784789164447541099e-01,9.484004505093488469e-01,0.000000000000000000e+00,2.063039709780937203e-01,0.000000000000000000e+00,9.484004506434590143e-01
7.517982555427353830e-01,2.120803150339350407e-01,0.000000000000000000e+00,2.120803151086481930e-01,7.517982554525526329e-01,8.339216930006643214e-01,5.581482879059861124e-02,1.259994699174134536e-01,5.581482882446062166e-02,8.339216931388329090e-01
8.279633743065575313e-01,3.833145577801468362e-01,0.000000000000000000e+00,3.833145578579983392e-01,8.279633742193542867e-01,7.328735407101747423e-01,2.412341816206037270e-01,1.640540659691041292e-01,2.412341816592090404e-01,7.328735408466748869e-01
8.987215960750182253e-01,5.959359968483415315e-01,2.094176758035870001e-01,5.959359969275588309e-01,8.987215959999491632e-01,6.484807447550557935e-01,4.932542605813147185e-01,2.904270390756450437e-01,4.932542606263601304e-01,6.484807448831325649e-01
9.547562613213249616e-01,7.805339634641219604e-01,6.938827080350989940e-01,7.805339635412458232e-01,9.547562612651531166e-01,5.815325253318840426e-01,7.804650845624299116e-01,4.388297253403299902e-01,7.804650846128107222e-01,5.815325254445153913e-01
9.873164229787129154e-01,8.628018345203491979e-01,1.000000000000000000e+00,8.628018345889706398e-01,9.873164229453212926e-01,5.320326330333196019e-01,1.000000000000000000e+00,5.652567153809453515e-01,1.000000000000000000e+00,5.320326331240780027e-01
9.913865552175520346e-01,7.954739866095180689e-01,1.000000000000000000e+00,7.954739866704345630e-01,9.913865552083857002e-01,5.006848475188578895e-01,1.000000000000000000e+00,6.252992966453789769e-01,1.000000000000000000e+00,5.006848475827561096e-01
9.680555129542609549e-01,5.912853079216672247e-01,9.576536056378531780e-01,5.912853079779345489e-01,9.680555129683022786e-01,4.890120823778234538e-01,1.000000000000000000e+00,6.076335042366139971e-01,1.000000000000000000e+00,4.890120824123509458e-01
9.237184503955582215e-01,3.240474804827129796e-01,6.424789261704619836e-01,3.240474805328379393e-01,9.237184504301190202e-01,4.976009436270621977e-01,1.000000000000000000e+00,5.313097166335389865e-01,1.000000000000000000e+00,4.976009436326834789e-01
8.669851184115954235e-01,9.471092740404198074e-02,2.915814274182271792e-01,9.471092744704937005e-02,8.669851184630166241e-01,5.238258013782212119e-01,1.000000000000000000e+00,4.268151383792073705e-01,1.000000000000000000e+00,5.238258013581761352e-01
8.064874360855506241e-01,0.000000000000000000e+00,4.642081626273802247e-02,0.000000000000000000e+00,8.064874361497557098e-01,5.611784932050440933e-01,1.000000000000000000e+00,3.195729087929777834e-01,1.000000000000000000e+00,5.611784931648898800e-01
7.510786716075629199e-01,4.173315226198063416e-02,8.460709221990594595e-03,4.173315229000731236e-02,7.510786716802406726e-01,6.010148413005025336e-01,9.999906793708550623e-01,2.308090561156202203e-01,9.999906792725669069e-01,6.010148412476263857e-01
7.099764017271088523e-01,2.424769347677880604e-01,1.988812625177924787e-01,2.424769347887626714e-01,7.099764018038068336e-01,6.350132380224693396e-01,9.991348311224470535e-01,1.862310122736228757e-01,9.991348309827012830e-01,6.350132379654723769e-01
6.907993806989638497e-01,5.235624985778346563e-01,5.440856602101943329e-01,5.235624985931996989e-01,6.907993807753427529e-01,6.563253005484722680e-01,9.968295745267939933e-01,2.198201695549599211e-01,9.968295743410517940e-01,6.563253004961688841e-01
6.959137726341654284e-01,7.807153267864483936e-01,8.976929835472681196e-01,7.807153267973396815e-01,6.959137727062679746e-01,6.591529187578935023e-01,9.987188150536623343e-01,3.657819937131558397e-01,9.987188148924407427e-01,6.591529187180418248e-01
7.204850954487854731e-01,9.065157000677696031e-01,9.992622002137642179e-01,9.065157000752018801e-01,7.204850955131671952e-01,6.399387174610658979e-01,9.095499926948527047e-01,6.323001918029957924e-01,9.095499926774714972e-01,6.399387174393252886e-01
7.545479133109799230e-01,8.494727533828576593e-01,9.900247560424783044e-01,8.494727533874733005e-01,7.545479133650552228e-01,5.980658456331123807e-01,7.951750307866145562e-01,9.780082923259330041e-01,7.951750307764471337e-01,5.980658456323975081e-01
7.883337059963524407e-01,6.391685409297571674e-01,8.417014788753980348e-01,6.391685409308596189e-01,7.883337060384898454e-01,5.356910449585479128e-01,7.086392289042354742e-01,1.000000000000000000e+00,7.086392288976640641e-01,5.356910449792045004e-01
8.162892968719530629e-01,3.618855666789960734e-01,5.396592588694971715e-01,3.618855666761294221e-01,8.162892969014469147e-01,4.567772149185962971e-01,6.348989986319368839e-01,1.000000000000000000e+00,6.348989986236484029e-01,4.567772149589156006e-01
8.372651806305001498e-01,1.149583958865804667e-01,3.190168171951577314e-01,1.149583958796658451e-01,8.372651806473861980e-01,3.658147521878371000e-01,5.668988787096368442e-01,1.000000000000000000e+00,5.668988786945728942e-01,3.658147522446442701e-01
8.523064802908973947e-01,0.000000000000000000e+00,2.961985533360417255e-01,0.000000000000000000e+00,8.523064802956930031e-01,2.674381145373035396e-01,5.131424607284772454e-01,9.175896730554028435e-01,5.131424607032875063e-01,2.674381146063302683e-01
8.623996442507355642e-01,0.000000000000000000e+00,5.113767770574568772e-01,0.000000000000000000e+00,8.623996442441926868e-01,1.669769309808872559e-01,4.922484516290749901e-01,8.426859040002927514e-01,4.922484515916113468e-01,1.669769310570117515e-01
8.671515987928876124e-01,6.316944297754807647e-02,9.337982594837693773e-01,6.316944296219441368e-02,8.671515987759910171e-01,7.096970172803419852e-02,5.184036315921420890e-01,7.605708589156651156e-01,5.184036315424120911e-01,7.096970180586099908e-02
8.642821695855963382e-01,2.622380188485869956e-01,1.000000000000000000e+00,2.622380188328390926e-01,8.642821695599568477e-01,5.298117508222779590e-03,5.858785450031670505e-01,8.840554051488420662e-01,5.858785449442095450e-01,5.298117464048289135e-03
8.494861163355410527e-01,5.013201423893192121e-01,1.000000000000000000e+00,5.013201423744809704e-01,8.494861163029246987e-01,5.734664710402929272e-02,6.626073009378926626e-01,6.851485235514027661e-01,6.626073008740263059e-01,5.734664717621770075e-02
8.186108295193079698e-01,7.212896107292100512e-01,1.000000000000000000e+00,7.212896107164117332e-01,8.186108294815053199e-01,2.403228587326105420e-02,7.007776287876082977e-01,5.826611847091688334e-01,7.007776287245143232e-01,2.403228593287579443e-02
7.693815352205126690e-01,8.632999123557851817e-01,1.000000000000000000e+00,8.632999123454822010e-01,7.693815351799668800e-01,9.769287108910475886e-03,6.659203789859551303e-01,5.612790704693534360e-01,6.659203789295539133e-01,9.769287129615023338e-03
7.019157260900842354e-01,8.859041167542947015e-01,1.000000000000000000e+00,8.859041167461986221e-01,7.019157260493466000e-01,3.160267667515798129e-02,5.577615446145944844e-01,5.776283504492943921e-01,5.577615445698862473e-01,3.160267665552753125e-02
6.198773369491445973e-01,7.824903330472993135e-01,1.000000000000000000e+00,7.824903330406928204e-01,6.198773369091140628e-01,0.000000000000000000e+00,4.103216408823202044e-01,5.986525884994298163e-01,4.103216408527579073e-01,0.000000000000000000e+00
5.295700674199905755e-01,5.873457777821819992e-01,1.000000000000000000e+00,5.873457777762159937e-01,5.295700673814532911e-01,3.182586784136250818e-02,2.728335541503636996e-01,6.118175463515729273e-01,2.728335541378772433e-01,3.182586779432641788e-02
4.387666528093220331e-01,3.645035220896833406e-01,1.000000000000000000e+00,3.645035220832822387e-01,4.387666527736598376e-01,1.304043605814486917e-01,1.859671109090550722e-01,6.327509496782532938e-01,1.859671109138049672e-01,1.304043605078485935e-01
3.557122962218683404e-01,1.889674343821836633e-01,1.000000000000000000e+00,1.889674343740340157e-01,3.557122961895611835e-01,2.456667461885539694e-01,1.657214566379603959e-01,6.972147873914290583e-01,1.657214566590111682e-01,2.456667460906553913e-01
2.874065664309146118e-01,1.246892853087810393e-01,1.000000000000000000e+00,1.246892852976015376e-01,2.874065664021165367e-01,3.749513698177509013e-01,2.021506295882650184e-01,8.244447085718668022e-01,2.021506296241224465e-01,3.749513696988995282e-01
2.383677635031635489e-01,2.014856408776603824e-01,1.000000000000000000e+00,2.014856408627666573e-01,2.383677634776181498e-01,5.147399542398175543e-01,2.697893086860366219e-01,1.000000000000000000e+00,2.697893087346922014e-01,5.147399541039989757e-01
2.103588183689265867e-01,4.028798185572765034e-01,9.103450659443371729e-01,4.028798185392836739e-01,2.103588183458443284e-01,6.581726692690829106e-01,3.409778888964507537e-01,9.993684558921710481e-01,3.409778889549349712e-01,6.581726691205707080e-01
2.030116396011500124e-01,6.765958146834617493e-01,6.658762211210370596e-01,6.765958146645372207e-01,2.030116395791634332e-01,7.932816550270994638e-01,3.956116920862884356e-01,9.976191719260001367e-01,3.956116921503184947e-01,7.932816548704036963e-01
2.146767458159123676e-01,9.381260269912569116e-01,4.339731922859742519e-01,9.381260269752818015e-01,2.146767457930411904e-01,9.032711316665361645e-01,4.271325968910129056e-01,9.967182199398892939e-01,4.271325969546930779e-01,9.032711315064364532e-01
2.427062645811712549e-01,9.743965770411265881e-01,2.561769982751133101e-01,9.743965774620194642e-01,2.427062645549238340e-01,9.700542560347390486e-01,4.382766939959513164e-01,9.964816240295205629e-01,4.382766940538688205e-01,9.700542558758733502e-01
2.829722008002452660e-01,9.646009110653761542e-01,1.295403908749099831e-01,9.646009114597775547e-01,2.829722007678098783e-01,9.804758384228611234e-01,4.364399722583881536e-01,9.298655508705543360e-01,4.364399723052383440e-01,9.804758382687326357e-01
3.296406618021978097e-01,9.920515713727853235e-01,5.207859690907287037e-02,9.920515713880462272e-01,3.296406617608990119e-01,9.318555635965234396e-01,4.315911445634862398e-01,4.920319842094171281e-01,4.315911445926391421e-01,9.318555634491730855e-01
3.756905635733523430e-01,7.695258334498294994e-01,2.166357510758395652e-02,7.695258334750094686e-01,3.756905635212025030e-01,8.337471444691352263e-01,4.319586953727853618e-01,1.393918434182764635e-02,4.319586953810800045e-01,8.337471443297681528e-01
4.140115727268469104e-01,5.169216095838622405e-01,3.109698578195859570e-02,5.169216096142436045e-01,4.140115726629862714e-01,7.051281238071952506e-01,4.387491394615554152e-01,0.000000000000000000e+00,4.387491394504610120e-01,7.051281236759482374e-01
4.389742475958383627e-01,2.924001317838417768e-01,6.469032761407625398e-02,2.924001318137042227e-01,4.389742475206252492e-01,5.686023095726492338e-01,4.465554383740970579e-01,0.000000000000000000e+00,4.465554383466589505e-01,5.686023094490643137e-01
4.476625098310563211e-01,1.361939602566913654e-01,1.037354112893163621e-01,1.361939602801978677e-01,4.476625097458475921e-01,4.451422820534581271e-01,4.509468007653711363e-01,0.000000000000000000e+00,4.509468007252109834e-01,4.451422819369753037e-01
4.406358644509235645e-01,6.921534335196317944e-02,1.321808854886720730e-01,6.921534336443252444e-02,4.406358643576765433e-01,3.508805770730737406e-01,4.539263859078505603e-01,0.000000000000000000e+00,4.539263858588040157e-01,3.508805769632533100e-01
4.221314841326399558e-01,9.586590540326656029e-02,1.354313486619409812e-01,9.586590540185833953e-02,4.221314840336201635e-01,2.958767580023761168e-01,4.637943089224533799e-01,0.000000000000000000e+00,4.637943088681573678e-01,2.958767578990025848e-01
3.995222032903606446e-01,2.105093023317328726e-01,9.875315062034226155e-02,2.105093023155919507e-01,3.995222031879489544e-01,2.841815182250775895e-01,4.900810353934585417e-01,1.168935656838639148e-02,4.900810353368496020e-01,2.841815181280736291e-01
3.820685619416683276e-01,4.054294997522619459e-01,1.170591917795682849e-02,4.054294997220257435e-01,3.820685618382921866e-01,3.144638829806749580e-01,5.359534066305735589e-01,1.418024396312874691e-01,5.359534065734734565e-01,3.144638828900529481e-01
3.793178948542677564e-01,6.755195686108286246e-01,4.714309840714210349e-04,6.755195685679012962e-01,3.793178947523732081e-01,3.806621750199615795e-01,5.927100305396741931e-01,3.530593360334454700e-01,5.927100304826603550e-01,3.806621749358070628e-01
3.995014977369710230e-01,1.000000000000000000e+00,3.274680526165640870e-02,1.000000000000000000e+00,3.995014976389794636e-01,4.724198790002347437e-01,6.413781228719798166e-01,4.475439786243710083e-01,6.413781228149105784e-01,4.724198789228768458e-01
4.473334542249039480e-01,1.000000000000000000e+00,2.245042293361490179e-02,1.000000000000000000e+00,4.473334541330732939e-01,5.757085181300291010e-01,6.666037455544552293e-01,4.309988606766114172e-01,6.666037454977391530e-01,5.757085180602390384e-01
5.201676883632080362e-01,1.000000000000000000e+00,3.029373367332564154e-02,1.000000000000000000e+00,5.201676882791895773e-01,6.744523334709908724e-01,6.691982899893278436e-01,3.493737521146991210e-01,6.691982899334401047e-01,6.744523334094639777e-01
6.081872677962724127e-01,1.000000000000000000e+00,3.304471615764183190e-02,1.000000000000000000e+00,6.081872677207917910e-01,7.519462412306939791e-01,6.598699855217231569e-01,2.742454259775310432e-01,6.598699854663530040e-01,7.519462411783224276e-01
6.978523562046297091e-01,1.000000000000000000e+00,3.082414445755427002e-02,1.000000000000000000e+00,6.978523561374473383e-01,7.943114747849001622e-01,6.479317066411637294e-01,2.817125155616006515e-01,6.479317065862542080e-01,7.943114747425042976e-01
7.752230495766138096e-01,1.000000000000000000e+00,2.673215021347914028e-02,1.000000000000000000e+00,7.752230495165440827e-01,7.939337244956606865e-01,6.406609567351644330e-01,4.200070201007241044e-01,6.406609566812698775e-01,7.939337244636466284e-01
8.290429624016879551e-01,1.000000000000000000e+00,3.769000762761361839e-02,1.000000000000000000e+00,8.290429623468107412e-01,7.515398851686446724e-01,6.414149149479015932e-01,6.850936706007619836e-01,6.414149148962705604e-01,7.515398851468035879e-01
8.534252878913622942e-01,1.000000000000000000e+00,2.561824423844532017e-01,1.000000000000000000e+00,8.534252878392605268e-01,6.760483798313769999e-01,6.521139464610329339e-01,1.000000000000000000e+00,6.521139464134165786e-01,6.760483798189357296e-01
8.487551072954979681e-01,1.000000000000000000e+00,6.190979689804533281e-01,1.000000000000000000e+00,8.487551072434574850e-01,5.819720139261518321e-01,6.726956355104442009e-01,1.000000000000000000e+00,6.726956354687791961e-01,5.819720139220773136e-01
8.203499807061371829e-01,1.000000000000000000e+00,8.683911170192454287e-01,1.000000000000000000e+00,8.203499806513192549e-01,4.853257184603715357e-01,6.972262343130415374e-01,1.000000000000000000e+00,6.972262342789432576e-01,4.853257184637037591e-01
7.761737485975196416e-01,1.000000000000000000e+00,9.461819037842923441e-01,1.000000000000000000e+00,7.761737485370927558e-01,3.997683522599087547e-01,7.105184905150908614e-01,1.000000000000000000e+00,7.105184904897843268e-01,3.997683522700449799e-01
7.248170778537936787e-01,1.000000000000000000e+00,8.507842644598047066e-01,1.000000000000000000e+00,7.248170777852583901e-01,3.345340958337072457e-01,6.956841412497684063e-01,9.987215859560678588e-01,6.956841412332255281e-01,3.345340958504358642e-01
6.734142356376772165e-01,1.000000000000000000e+00,6.288939152883806782e-01,1.000000000000000000e+00,6.734142355595824636e-01,2.942017405255362705e-01,6.468935356981168061e-01,9.898670185523478215e-01,6.468935356851498453e-01,2.942017405488006054e-01
6.268630960475051195e-01,7.349616549121903430e-01,3.421162430565633517e-01,7.349616549442758995e-01,6.268630959603899155e-01,2.799979301029251744e-01,5.719436571090212862e-01,7.519365463141791661e-01,5.719436570949981702e-01,2.799979301324653780e-01
5.887921804704479012e-01,5.425585492508528951e-01,4.571229367655400139e-02,5.425585493002228477e-01,5.887921803761042572e-01,2.911099784347366271e-01,4.848908688199515260e-01,3.715491893885098929e-01,4.848908688059344052e-01,2.911099784704276883e-01
5.615068258464970263e-01,4.246764748187484839e-01,1.362218239587971447e-02,4.246764748830837988e-01,5.615068257474113977e-01,3.254608871529275915e-01,3.946857944561097953e-01,3.065194335975831783e-02,3.946857944443273869e-01,3.254608871947035631e-01
5.453485119854122321e-01,3.770728693659853303e-01,4.259265239073522363e-02,3.770728694423530203e-01,5.453485118844790813e-01,3.798689499787997748e-01,3.071732298160189112e-01,2.496961956877835013e-03,3.071732298093517444e-01,3.798689500264946228e-01
5.383611449964407214e-01,3.921802810809828510e-01,9.212302307005632018e-02,3.921802811657835730e-01,5.383611448967779989e-01,4.497996658605235010e-01,2.300589370650585053e-01,8.065564407993617950e-04,2.300589370664638533e-01,4.497996659138557285e-01
5.364753496458689597e-01,4.590104161735174548e-01,7.734833379284664079e-02,4.590104162627964279e-01,5.364753495507422754e-01,5.290284014359938336e-01,1.722203853131594187e-01,0.000000000000000000e+00,1.722203853252520234e-01,5.290284014946152746e-01
5.341876467377559834e-01,5.649924802594675777e-01,1.519170590907643614e-01,5.649924803495390835e-01,5.341876466505266485e-01,6.095373102170443813e-01,1.413784804817309892e-01,0.000000000000000000e+00,1.413784805063987848e-01,6.095373102806832533e-01
5.256839221642264359e-01,6.978926511577474567e-01,1.691376871655748126e-01,6.978926512456045117e-01,5.256839220883217090e-01,6.819508366001165722e-01,1.411645552385801528e-01,0.000000000000000000e+00,1.411645552766377099e-01,6.819508366687518919e-01
5.063225686918525481e-01,8.407321732768999745e-01,6.442420357199466485e-01,8.407321733603585479e-01,5.063225686306320750e-01,7.366840675781654024e-01,1.715875122412872933e-01,0.000000000000000000e+00,1.715875122921812490e-01,7.366840676521283493e-01
4.742856630653813355e-01,9.600283581926352117e-01,9.928396473904288477e-01,9.600283582703081908e-01,4.742856630219643987e-01,7.657107807474028416e-01,2.306909264082055433e-01,1.704903389739453878e-02,2.306909264701972051e-01,7.657107808273493355e-01
4.320020089421818255e-01,9.468672456987394792e-01,9.371949185397048243e-01,9.468672457705720191e-01,4.320020089192223578e-01,7.646407989253367621e-01,3.043774229880968907e-01,3.200050397133366586e-01,3.043774230588106033e-01,7.646407990118714304e-01
3.864910342006383503e-01,9.532791371813458259e-01,9.038618198134692472e-01,9.532791372475704073e-01,3.864910342001903198e-01,7.343618514309466772e-01,3.716470732606026450e-01,6.515433817499012292e-01,3.716470733372395086e-01,7.343618515243345302e-01
3.480283632847684938e-01,7.920186312262290640e-01,8.870325190256783676e-01,7.920186312875333590e-01,3.480283633082189576e-01,6.804913259849718621e-01,4.027652856786825275e-01,8.655064403652604765e-01,4.027652857584104740e-01,6.804913260849786427e-01
3.255641100630495277e-01,5.705946177100734706e-01,7.032966915493609195e-01,5.705946177657094109e-01,3.255641101111096947e-01,6.123038648338773315e-01,3.735523995732761282e-01,9.177009963668744108e-01,3.735523996537501445e-01,6.123038649399777933e-01
3.232973096792900458e-01,3.616677998481407919e-01,9.794211691297307620e-01,3.616677998957109064e-01,3.232973097519833972e-01,5.403154361504237668e-01,2.964697125784563347e-01,8.885577666063622093e-01,2.964697126576125163e-01,5.403154362620335993e-01
3.400321458355343163e-01,2.342791651161597877e-01,5.454935674939414003e-01,2.342791651526428542e-01,3.400321459322205309e-01,4.744614661255059374e-01,2.168706684680541674e-01,9.938361333173550971e-01,2.168706685433909320e-01,4.744614662421895446e-01
3.712920947024488383e-01,2.262401751752047829e-01,2.242519778951423126e-01,2.262401751978477815e-01,3.712920948220070905e-01,4.232705902048228830e-01,2.008700989121648961e-01,1.000000000000000000e+00,2.008700989808871462e-01,4.232705903262162228e-01
4.121649851033269418e-01,3.318927619953377373e-01,9.702319793589973818e-02,3.318927620028489511e-01,4.121649852444220219e-01,3.934929546286062840e-01,3.101881957423710534e-01,8.166210516197013325e-01,3.101881958017623231e-01,3.934929547542946882e-01
4.588612061287249411e-01,5.042415321470423706e-01,1.619727026130657610e-01,5.042415321404116746e-01,4.588612062902968636e-01,3.898392262729194480e-01,5.898532457623950620e-01,6.138372994448350051e-01,5.898532458104237541e-01,3.898392264024191922e-01
5.085092586938735337e-01,6.657029199349278059e-01,4.420330154360804231e-01,6.657029199183099877e-01,5.085092588755135701e-01,4.147941037353524707e-01,1.000000000000000000e+00,4.319757350435906029e-01,1.000000000000000000e+00,4.147941038683895520e-01
5.583832919267956996e-01,7.481595911641246710e-01,8.776292111484711445e-01,7.481595911421825562e-01,5.583832921286564499e-01,4.677973693352091011e-01,1.000000000000000000e+00,2.975758023291727450e-01,1.000000000000000000e+00,4.677973694721457854e-01
6.061509338892122623e-01,7.205091187869838709e-01,1.000000000000000000e+00,7.205091187649611539e-01,6.061509341109670990e-01,5.418139995754447380e-01,1.000000000000000000e+00,2.312274878508923104e-01,1.000000000000000000e+00,5.418139997179782785e-01
6.475085077920725851e-01,5.768102127015883873e-01,1.000000000000000000e+00,5.768102126852868716e-01,6.475085080314322283e-01,6.218395779647799548e-01,1.000000000000000000e+00,2.430481241581866070e-01,1.000000000000000000e+00,6.218395781152952217e-01
6.743022120453822099e-01,3.434483624773998489e-01,9.997284005712148147e-01,3.434483624711743843e-01,6.743022122974670074e-01,6.897778163868054646e-01,1.000000000000000000e+00,3.245912614052296474e-01,1.000000000000000000e+00,6.897778165475294543e-01
6.770977899901170494e-01,8.418036510098822478e-02,9.749993929592809527e-01,8.418036510699748731e-02,6.770977902479466959e-01,7.305827571071824567e-01,1.000000000000000000e+00,4.407186053202999387e-01,1.000000000000000000e+00,7.305827572793673896e-01
6.502172950419429220e-01,6.157454241521463992e-03,8.023955335064100192e-01,6.157454147976023501e-03,6.502172952977499643e-01,7.363989809790753016e-01,1.000000000000000000e+00,5.282043849664977975e-01,1.000000000000000000e+00,7.363989811624360726e-01
5.957488917379504256e-01,9.574067463913715076e-04,0.000000000000000000e+00,9.574067839879080687e-04,5.957488919845748132e-01,7.090111579350860671e-01,1.000000000000000000e+00,5.175507399721231971e-01,1.000000000000000000e+00,7.090111581276944408e-01
5.242790446450704689e-01,1.695026149782737730e-03,0.000000000000000000e+00,1.695026166197452803e-03,5.242790448768522849e-01,6.591350183363896553e-01,1.000000000000000000e+00,3.884198672713073952e-01,1.000000000000000000e+00,6.591350185350212110e-01
4.538232689656627739e-01,1.072054707401584161e-05,0.000000000000000000e+00,1.072053610029521150e-05,4.538232691786498463e-01,6.040819613165989699e-01,1.000000000000000000e+00,1.820576486417381235e-01,1.000000000000000000e+00,6.040819615174407575e-01
4.054248007731184877e-01,9.963262019751839560e-02,0.000000000000000000e+00,9.963262022732724543e-02,4.054248009647809514e-01,5.614508394145960590e-01,1.000000000000000000e+00,0.000000000000000000e+00,1.000000000000000000e+00,5.614508396141614233e-01
3.961229743218583899e-01,3.324915676917112317e-01,0.000000000000000000e+00,3.324915677182193052e-01,3.961229744908348338e-01,5.406746472157457628e-01,9.841929013549272076e-01,0.000000000000000000e+00,9.841929019417764435e-01,5.406746474118788726e-01
4.317655329420803101e-01,5.531349103283665913e-01,0.000000000000000000e+00,5.531349103521714383e-01,4.317655330879929809e-01,5.397251577932224986e-01,9.029324936846824246e-01,0.000000000000000000e+00,9.029324936684023362e-01,5.397251579856292558e-01
5.039106807526262388e-01,7.301139355729826530e-01,0.000000000000000000e+00,7.301139355992128932e-01,5.039106808753835987e-01,5.479753202571956416e-01,2.790693788091738736e-01,2.175498253668191329e-02,2.790693787938060000e-01,5.479753204471209393e-01
5.964397165385761923e-01,8.415845585832870679e-01,0.000000000000000000e+00,8.415845586196176731e-01,5.964397166390836835e-01,5.528757215699250382e-01,0.000000000000000000e+00,0.000000000000000000e+00,0.000000000000000000e+00,5.528757217594582052e-01
6.939610028267784170e-01,8.731749301811817521e-01,0.000000000000000000e+00,8.731749302328647433e-01,6.939610029065828023e-01,5.470354938276820178e-01,0.000000000000000000e+00,2.775387114386936808e-03,0.000000000000000000e+00,5.470354940188617565e-01
7.870156099922835935e-01,8.261615360031174804e-01,2.948076933244768785e-03,8.261615360745111492e-01,7.870156100535592447e-01,5.313086514351231804e-01,0.000000000000000000e+00,0.000000000000000000e+00,0.000000000000000000e+00,5.313086516294277528e-01
8.721070384295090960e-01,7.171479765290552644e-01,1.628592658654991476e-01,7.171479766238220144e-01,8.721070384748998983e-01,5.125151161011758383e-01,2.174644358721341576e-03,6.711365047364854786e-02,2.174644301338320498e-03,5.125151162988860198e-01
9.499882431373661840e-01,5.680201678373657526e-01,3.663340899821422858e-01,5.680201679572165485e-01,9.499882431698487562e-01,4.989365401089673746e-01,1.476474180173254630e-02,2.687895343335233722e-01,1.476474178451831799e-02,4.989365403087474560e-01
1.000000000000000000e+00,4.025105841030867659e-01,5.592931222812678183e-01,4.025105842438567727e-01,1.000000000000000000e+00,4.953062072470680310e-01,3.471359163616369869e-01,4.900504453707382746e-01,3.471359163401883663e-01,4.953062074459303465e-01
1.000000000000000000e+00,2.571462940442702516e-01,7.537944633856810128e-01,2.571462941962374127e-01,1.000000000000000000e+00,4.991263871304973954e-01,6.615480184130002606e-01,6.951400048047430280e-01,6.615480183883633014e-01,4.991263873247034910e-01
1.000000000000000000e+00,1.769486979895596446e-01,7.659379783039607092e-01,1.769486981421371508e-01,1.000000000000000000e+00,5.015072143854129028e-01,8.901379802650740691e-01,8.463001557110365614e-01,8.901379802404668640e-01,5.015072145687108351e-01
1.000000000000000000e+00,2.053739445865206958e-01,6.924239692685201231e-01,2.053739447303732646e-01,1.000000000000000000e+00,4.926579184523903199e-01,9.835880532176083380e-01,9.227796287423847277e-01,9.835880531987678532e-01,4.926579186171974323e-01
1.000000000000000000e+00,3.640527456821661678e-01,5.577470996206157494e-01,3.640527458111346704e-01,1.000000000000000000e+00,4.686239105176674413e-01,9.236877571705595091e-01,9.366947126001360369e-01,9.236877571659696251e-01,4.686239106583456326e-01
9.921710080254483310e-01,6.404294058614147245e-01,4.148847587334861253e-01,6.404294059734162436e-01,9.921710080664406517e-01,4.341686201176472304e-01,7.309533413979184546e-01,8.427907592501787670e-01,7.309533414182856070e-01,4.341686202315231391e-01
8.461120856424234615e-01,7.763649170726888427e-01,3.060605809399904453e-01,7.763649171696717088e-01,8.461120856940933521e-01,3.993294606403858249e-01,4.604143142483415052e-01,7.653393606683454031e-01,4.604143143018165629e-01,3.993294607278852770e-01
6.788438839755396303e-01,8.891329794776383633e-01,2.118979694722126494e-01,8.891329795641705891e-01,6.788438840357148285e-01,3.713769657477904995e-01,1.911583153290201953e-01,7.688147764729816869e-01,1.911583154174969212e-01,3.713769658104206228e-01
5.195574138094897210e-01,8.765638603706087384e-01,4.166350279299415038e-01,8.765638604428983571e-01,5.195574138758418670e-01,3.523280003380972469e-01,0.000000000000000000e+00,7.598288139433194699e-01,0.000000000000000000e+00,3.523280003794540538e-01
3.935885386659427332e-01,8.845721038002939407e-01,6.448516183867746276e-01,8.845721038548958193e-01,3.935885387366662158e-01,3.393862735364506222e-01,9.456128938955307012e-03,6.510510645953908604e-01,9.456129065158080937e-03,3.393862735613788484e-01
3.165094436878563289e-01,8.964861323279771366e-01,8.206380206298663493e-01,8.964861323847385099e-01,3.165094437620254442e-01,3.274541871829522166e-01,8.656785054599056353e-03,5.138722054047980548e-01,8.656784690283183745e-03,3.274541871964635753e-01
2.923880436143904693e-01,9.060793236442571397e-01,8.877945442120097619e-01,9.060793236989436172e-01,2.923880436913687264e-01,3.114978229541895960e-01,1.067196199315163380e-01,3.638216250915053407e-01,1.067196200742382972e-01,3.114978229607988647e-01
3.149170716223094746e-01,8.761258163051930392e-01,8.355616301249928490e-01,8.761258163706375779e-01,3.149170717009699971e-01,2.879192188219202309e-01,3.021533319140173313e-01,2.199380691004481914e-01,3.021533320399540368e-01,2.879192188250966900e-01
3.699750412670365640e-01,8.528246576321857342e-01,6.963226319702957579e-01,8.528246576893596664e-01,3.699750413456184273e-01,2.548425037680411842e-01,5.016082625195803502e-01,9.864700311175302050e-02,5.016082626196642913e-01,2.548425037699930118e-01
4.371818568855871945e-01,5.269740485216224402e-01,5.261515247580195176e-01,5.269740485683804820e-01,4.371818569615603112e-01,2.129223219389759503e-01,6.627130401670943138e-01,1.424587452332051057e-02,6.627130402359664441e-01,2.129223219408037382e-01
4.939429342018586966e-01,2.816431625774512559e-01,3.838752519998661072e-01,2.816431626135401101e-01,4.939429342721434746e-01,1.680634776391675134e-01,7.716795471663925321e-01,0.000000000000000000e+00,7.716795472037466519e-01,1.680634776412871512e-01
5.254766204871265112e-01,1.459064650129451302e-01,3.192001309003738019e-01,1.459064650386965867e-01,5.254766205482679364e-01,1.284646235200328501e-01,8.483383991581125994e-01,5.952574756955674763e-03,8.483383991669756208e-01,1.284646235228515121e-01
5.268934719253065557e-01,1.271646841094178360e-01,3.718943127941407578e-01,1.271646841260297700e-01,5.268934719738563865e-01,1.030403839079791634e-01,9.277005535014114512e-01,6.207106175494851719e-02,9.277005534869118275e-01,1.030403839122736032e-01
5.013380468561202674e-01,2.135562360063942289e-01,5.666264018774743727e-01,2.135562360164772744e-01,5.013380468890565878e-01,1.002053928528715138e-01,1.000000000000000000e+00,1.221780356467262602e-01,1.000000000000000000e+00,1.002053928597562427e-01
4.574527291211145097e-01,3.756493817340045283e-01,8.430463220043274974e-01,3.756493817405456292e-01,4.574527291363598147e-01,1.258978121837997788e-01,1.000000000000000000e+00,2.096170726498503001e-01,1.000000000000000000e+00,1.258978121944187289e-01
4.070875873448759896e-01,5.679013985498281292e-01,1.000000000000000000e+00,5.679013985540827258e-01,4.070875873417486579e-01,1.807223560098375204e-01,1.000000000000000000e+00,2.478951979210988199e-01,1.000000000000000000e+00,1.807223560242293692e-01
3.595993962903474284e-01,7.403428654531836184e-01,1.000000000000000000e+00,7.403428654562949074e-01,3.595993962698677548e-01,2.592254355963444779e-01,1.000000000000000000e+00,2.345306975594604881e-01,1.000000000000000000e+00,2.592254356124658043e-01
3.197029361154546945e-01,8.543023749617890683e-01,1.000000000000000000e+00,8.543023749646265763e-01,3.197029360805386800e-01,3.514357143664008087e-01,1.000000000000000000e+00,2.043842224663549034e-01,1.000000000000000000e+00,3.514357143803453210e-01
2.885483498926879609e-01,8.899527268152463977e-01,1.000000000000000000e+00,8.899527268162519267e-01,2.885483498479218811e-01,4.450766197781942934e-01,1.000000000000000000e+00,1.696695256390187978e-01,1.000000000000000000e+00,4.450766197842307426e-01
2.652561669540481337e-01,8.501336204371767735e-01,1.000000000000000000e+00,8.501336204333593827e-01,2.652561669050493287e-01,5.273639082837147107e-01,1.000000000000000000e+00,2.151676100535753755e-01,1.000000000000000000e+00,5.273639082749913554e-01
2.477896577621310492e-01,7.613771070821281350e-01,1.000000000000000000e+00,7.613771070697875620e-01,2.477896577146428692e-01,5.877177578698041804e-01,1.000000000000000000e+00,2.473752228107949369e-01,1.000000000000000000e+00,5.877177578395593738e-01
2.324112878356513756e-01,6.605113239551640980e-01,1.000000000000000000e+00,6.605113239309094997e-01,2.324112877945724853e-01,6.201467934975715135e-01,1.000000000000000000e+00,2.386181575287970313e-01,1.000000000000000000e+00,6.201467934403910309e-01
2.161687355077148154e-01,5.755688430311594050e-01,1.000000000000000000e+00,5.755688429925834848e-01,2.161687354764802727e-01,6.231357926670457736e-01,1.000000000000000000e+00,1.988032855882933270e-01,1.000000000000000000e+00,6.231357925798273190e-01
2.012105932772395023e-01,5.243217654920468984e-01,1.000000000000000000e+00,5.243217654395132543e-01,2.012105932576243317e-01,5.981718651945888698e-01,9.069706556647538775e-01,1.895954583807925864e-01,9.069706556318689605e-01,5.981718650769995982e-01
1.931004949663681081e-01,5.228242954335988735e-01,1.000000000000000000e+00,5.228242953686498273e-01,1.931004949583574881e-01,5.496405935750700023e-01,5.876734215086746316e-01,2.951275419596148253e-01,5.876734214677928891e-01,5.496405934290732320e-01
1.987496917975382360e-01,5.791956083931699695e-01,9.934533024165020931e-01,5.791956083187902449e-01,1.987496918000628832e-01,4.852680403594561986e-01,3.441872915409258105e-01,5.688205094292054786e-01,3.441872914941108141e-01,4.852680401885462458e-01
2.241486947506655669e-01,6.822179404812411807e-01,1.000000000000000000e+00,6.822179404018861026e-01,2.241486947624743709e-01,4.152274181688531129e-01,2.016724446725304265e-01,9.648463195492050781e-01,2.016724446231729084e-01,4.152274179777523111e-01
2.725801156483463883e-01,8.005093493841565211e-01,9.967400588193532363e-01,8.005093493044096453e-01,2.725801156684580229e-01,3.508072340770387321e-01,1.701847481009185759e-01,9.377697691240417521e-01,1.701847480523457912e-01,3.508072338716048955e-01
3.440379887586162422e-01,8.951173667283305324e-01,8.128741179185745569e-01,8.951173666524301353e-01,3.440379887862091146e-01,3.030868305320358891e-01,2.373006197438999321e-01,1.000000000000000000e+00,2.373006196983326876e-01,3.030868303191324165e-01
4.359603581584991505e-01,9.358026304352197178e-01,9.818672201285910672e-01,9.358026303668978141e-01,4.359603581923910398e-01,2.815408379279471518e-01,3.669285501815540140e-01,1.000000000000000000e+00,3.669285501388900306e-01,2.815408377151631392e-01
5.448604123493332452e-01,9.140529701160853282e-01,8.006784983986739990e-01,9.140529700579729244e-01,5.448604123873941329e-01,2.927647148341947503e-01,5.134198245975236663e-01,1.000000000000000000e+00,5.134198245552865636e-01,2.927647146292769453e-01
6.675133568775476478e-01,8.296979577379482995e-01,5.889446152022114189e-01,8.296979576905806342e-01,6.675133569162911007e-01,3.394526255394272329e-01,6.264726374915857710e-01,1.000000000000000000e+00,6.264726374458373659e-01,3.394526253495275259e-01
8.008328484917475176e-01,7.486344459592922940e-01,4.154401877326642234e-01,7.486344459204152813e-01,8.008328485262938834e-01,4.196964704587638484e-01,6.688941100375694893e-01,1.000000000000000000e+00,6.688941099840659543e-01,4.196964702896953670e-01
9.421495317756654053e-01,7.048951923856616730e-01,4.981295461945944303e-01,7.048951923503533612e-01,9.421495318001269492e-01,5.273425306285458580e-01,6.330197441868196107e-01,1.000000000000000000e+00,6.330197441222583654e-01,5.273425304843182282e-01
9.998299958298506596e-01,7.178275170848239517e-01,6.137503668791574052e-01,7.178275170466356103e-01,9.998299957698913998e-01,6.511160050073500072e-01,5.522843297914682426e-01,1.000000000000000000e+00,5.522843297150277220e-01,6.511160048938915423e-01
9.976780008794327026e-01,7.976375482846638221e-01,7.679522669229837950e-01,7.976375482375469561e-01,9.976780001137079967e-01,7.733737601629067093e-01,4.783167817500369456e-01,1.000000000000000000e+00,4.783167816642431291e-01,7.733737600834228454e-01
9.999307540235627956e-01,9.078308710821929584e-01,9.066141299314618429e-01,9.078308710207675380e-01,9.999307545192078761e-01,8.709673179635687434e-01,4.569957340784693844e-01,1.000000000000000000e+00,4.569957339881892122e-01,8.709673179146764088e-01
9.993355716652061460e-01,9.883117570335706592e-01,9.684512488765480986e-01,9.883117569540704750e-01,9.993355705051228943e-01,9.228529758426883278e-01,5.082359536320518734e-01,1.000000000000000000e+00,5.082359535409965989e-01,9.228529758190079368e-01
1.000000000000000000e+00,9.929175614155205665e-01,8.999646261945128956e-01,9.929175613190919236e-01,1.000000000000000000e+00,9.220775797240926552e-01,6.151451682006645605e-01,1.000000000000000000e+00,6.151451681094889379e-01,9.220775797184715961e-01
1.000000000000000000e+00,9.193858815538924478e-01,6.788968097853419481e-01,9.193858814448524486e-01,1.000000000000000000e+00,8.804350383043818562e-01,7.304453648345529126e-01,9.995233001380134930e-01,7.304453647411597306e-01,8.804350383098648036e-01
9.490941613196326454e-01,8.055873892264565628e-01,4.970254658508099777e-01,8.055873891107047102e-01,9.490941611915237885e-01,8.210139748658764614e-01,8.000286623674351949e-01,9.986070123667016851e-01,8.000286622689278815e-01,8.210139748736745569e-01
7.983717423352507669e-01,6.956029861184622742e-01,2.154721811373210283e-01,6.956029860016814670e-01,7.983717421801602709e-01,7.621047529463691461e-01,7.889710091125180513e-01,9.972366782542477770e-01,7.889710090070884974e-01,7.621047529463504944e-01
6.280885610409293607e-01,6.158352026211755259e-01,0.000000000000000000e+00,6.158352025071021085e-01,6.280885608842370349e-01,7.122162174600481510e-01,6.996857530385257595e-01,9.956387151570871286e-01,6.996857529256593766e-01,7.122162174428908754e-01
4.950040893237057649e-01,5.662776499454674761e-01,2.994412251533209307e-03,5.662776498353058185e-01,4.950040891704317603e-01,6.745818985175647819e-01,5.656810742407210046e-01,9.217302017003176084e-01,5.656810741211377724e-01,6.745818984772171678e-01
4.055719875993266110e-01,5.352169796760180009e-01,0.000000000000000000e+00,5.352169795690692178e-01,4.055719874528546098e-01,6.470553009566571978e-01,4.278760773388648464e-01,8.497186314705670318e-01,4.278760772144421520e-01,6.470553008901139824e-01
3.564166120265720439e-01,5.133008108026763106e-01,2.560005230454011002e-02,5.133008106976871820e-01,3.564166118889656176e-01,6.255130036647006397e-01,3.186744289494581328e-01,5.051885368061720394e-01,3.186744288234666378e-01,6.255130035715897874e-01
3.402303437958020260e-01,4.990150372768221154e-01,8.362846872744518489e-02,4.990150371722766320e-01,3.402303436682544424e-01,6.074342121651823412e-01,2.546888397252037861e-01,2.208940808052743399e-01,2.546888396016159239e-01,6.074342120473147366e-01
3.501705746679265596e-01,4.984173409708187452e-01,2.318106365678771763e-01,4.984173408652180504e-01,3.501705745511403678e-01,5.935537708209930319e-01,2.404957799484041259e-01,0.000000000000000000e+00,2.404957798312734318e-01,5.935537706819400405e-01
3.816497377156352067e-01,5.176197458129938589e-01,6.297151104355801499e-01,5.176197457049330763e-01,3.816497376099570737e-01,5.876932788477263747e-01,2.685514238033484546e-01,0.000000000000000000e+00,2.685514236964446355e-01,5.876932786922989260e-01
4.317068511627522587e-01,5.575515545789804239e-01,9.877952559380589470e-01,5.575515544677522861e-01,4.317068510680906468e-01,5.952949196765382478e-01,3.200355398213238223e-01,0.000000000000000000e+00,3.200355397280197356e-01,5.952949195103163227e-01
4.968577764726549439e-01,6.122910826077265778e-01,1.000000000000000000e+00,6.122910824939177266e-01,4.968577763881842357e-01,6.211466760162716039e-01,3.692326526911589579e-01,0.000000000000000000e+00,3.692326526137170162e-01,6.211466758449816217e-01
5.706664805095901238e-01,6.691705998389159138e-01,1.000000000000000000e+00,6.691705997248451609e-01,5.706664804334480312e-01,6.667108545565429978e-01,3.912455504358505753e-01,0.000000000000000000e+00,3.912455503747172547e-01,6.667108543854184388e-01
6.423789672820390262e-01,7.114246356901643420e-01,1.000000000000000000e+00,7.114246355800050159e-01,6.423789672111924753e-01,7.277486509361537070e-01,3.735800428628817671e-01,0.000000000000000000e+00,3.735800428170934495e-01,7.277486507691192097e-01
6.978344074548787912e-01,7.241976935864368192e-01,1.000000000000000000e+00,7.241976934851717118e-01,6.978344073854162444e-01,7.933909138438043351e-01,3.243197638438919950e-01,0.000000000000000000e+00,3.243197638113011205e-01,7.933909136827715924e-01
7.230016379502526291e-01,7.024960040021476226e-01,6.515156609983159264e-01,7.024960039139304113e-01,7.230016378779702269e-01,8.478269737243477877e-01,2.655336467844083281e-01,2.221384262356206757e-02,2.655336467620550978e-01,8.478269735688810371e-01
7.087657472502958411e-01,6.544914475415988253e-01,2.712271016360655596e-01,6.544914474682262950e-01,7.087657471714474688e-01,8.747747000977055265e-01,2.168515539641572287e-01,3.992875465871915941e-02,2.168515539487370636e-01,8.747746999455348060e-01
6.544346277280355118e-01,5.958778379115196033e-01,0.000000000000000000e+00,5.958778378526526920e-01,6.544346276397323692e-01,8.631798525197077465e-01,1.844554253770386565e-01,2.207027150702743912e-01,1.844554253656012222e-01,8.631798523678837487e-01
5.680615281632263036e-01,5.445487218409995611e-01,0.000000000000000000e+00,5.445487217948546954e-01,5.680615280634860875e-01,8.114453928837961350e-01,1.633910666741919260e-01,3.365706131926488598e-01,1.633910666645818910e-01,8.114453927300305791e-01
4.636654606593408889e-01,5.167652316556057279e-01,0.000000000000000000e+00,5.167652316195688877e-01,4.636654605469243684e-01,7.282040675585154110e-01,1.445924131024722559e-01,4.801493590244153564e-01,1.445924130934596596e-01,7.282040674018275261e-01
3.571025198908545639e-01,5.187817369113333354e-01,3.885329416659699664e-03,5.187817368824475528e-01,3.571025197651001570e-01,6.296792481370400152e-01,1.220371577265500634e-01,5.600274278285624074e-01,1.220371577174814842e-01,6.296792479777859608e-01
2.624660105600489235e-01,5.494122507337879657e-01,1.902887968415927639e-02,5.494122507091883101e-01,2.624660104209615152e-01,5.351115226410805281e-01,9.834832690824187040e-02,5.787045236025304407e-01,9.834832689869257849e-02,5.351115224805380599e-01
1.899027959401108911e-01,6.027743120343922456e-01,2.618356684803661016e-01,6.027743120113042696e-01,1.899027957883662465e-01,4.618567791890548224e-01,8.376029965879040751e-02,5.438576829100510990e-01,8.376029964824815988e-02,4.618567790289506148e-01
1.447312901657151485e-01,6.699546398271430947e-01,5.000779153123052767e-01,6.699546398028209948e-01,1.447312900027351301e-01,4.211848305179979879e-01,9.197818094329358873e-02,4.785904502825759632e-01,9.197818093093847180e-02,4.211848303602538368e-01
1.274728480484785820e-01,7.404559230210375764e-01,6.837495409654210654e-01,7.404559229932375919e-01,1.274728478763909878e-01,4.153630475840683900e-01,1.340528020746489801e-01,4.288562776255090969e-01,1.340528020594588254e-01,4.153630474306592157e-01
1.346243472005466402e-01,8.036937904691551227e-01,7.716285757816349067e-01,8.036937904367184027e-01,1.346243470221157312e-01,4.366102273334626638e-01,2.143926431239518982e-01,4.593622425670912390e-01,2.143926431050416082e-01,4.366102271863563922e-01
1.601832510377118324e-01,8.514915638130734488e-01,7.399646808109335838e-01,8.514915637762430212e-01,1.601832508562028579e-01,4.686938823870248072e-01,3.284115683109316564e-01,6.291246159239147762e-01,3.284115682880712761e-01,4.686938822480503086e-01
1.975266432240617709e-01,8.249470695431871947e-01,5.976950157069645941e-01,8.249470695031608791e-01,1.975266430431542042e-01,4.910973977175504546e-01,4.581543934317867106e-01,9.538316992616291401e-01,4.581543934056026002e-01,4.910973975881394171e-01
2.412491229666679504e-01,8.055280371223589864e-01,4.022571847746408413e-01,8.055280370804399626e-01,2.412491227902326119e-01,4.850708827924027355e-01,5.696808128618289224e-01,1.000000000000000000e+00,5.696808128336938726e-01,4.850708826732912926e-01
2.901374822242069884e-01,8.040630732255593660e-01,2.295544855557066499e-01,8.040630731823015243e-01,2.901374820562593881e-01,4.446729893602185402e-01,6.187470120383743444e-01,1.000000000000000000e+00,6.187470120100373450e-01,4.446729892513257010e-01
3.459588630661410980e-01,8.254320353914628150e-01,1.239827164096906353e-01,8.254320353463689974e-01,3.459588629106697399e-01,3.798827894698192376e-01,5.719613749650429568e-01,1.000000000000000000e+00,5.719613749381479151e-01,3.798827893702915737e-01
4.094046690386984322e-01,8.633878645248781458e-01,7.598564818576877822e-02,8.633878644765602406e-01,4.094046688992758476e-01,3.108309348592986909e-01,4.328312510077222952e-01,1.000000000000000000e+00,4.328312509833551203e-01,3.108309347677271073e-01
4.763297225821834235e-01,8.329909219347635396e-01,5.007917490407902406e-02,8.329909218816470284e-01,4.763297224614307379e-01,2.573488519908320171e-01,2.462369543886732126e-01,1.000000000000000000e+00,2.462369543671796002e-01,2.573488519055400769e-01
5.380631636138271112e-01,7.723392576086868244e-01,3.283139269392401638e-02,7.723392575494555379e-01,5.380631635129538015e-01,2.308411532788938736e-01,7.901919295603535009e-02,9.906389874179827304e-01,7.901919293711065495e-02,2.308411531982824116e-01
5.846112215621782626e-01,6.877791003924460522e-01,3.093197260735305876e-02,6.877791003262947456e-01,5.846112214810187391e-01,2.342962950769603703e-01,0.000000000000000000e+00,9.165598168966242465e-01,0.000000000000000000e+00,2.342962949997937638e-01
6.087902311476768302e-01,5.868354573532743590e-01,5.841772717324859171e-02,5.868354572797158664e-01,6.087902310851222021e-01,2.656675932300677223e-01,8.216151373048466780e-04,7.941751233602497573e-01,8.216151212174110409e-04,2.656675931557077042e-01
6.090081663331865514e-01,4.814241667137396097e-01,2.603643816280534762e-01,4.814241666324392543e-01,6.090081662877793178e-01,3.206701255342564449e-01,1.107202777867417748e-01,6.363864513973824799e-01,1.107202777704724000e-01,3.206701254628274711e-01
5.890890454255036657e-01,3.902293085562559272e-01,1.723669973351728835e-01,3.902293084673240098e-01,5.890890453957940975e-01,3.930673354441409084e-01,2.823683630436857328e-01,5.946293697315954141e-01,2.823683630259134492e-01,3.930673353765429812e-01
5.558621945876384141e-01,3.434638741963210173e-01,2.345964017583218875e-01,3.434638741014068852e-01,5.558621945722894697e-01,4.735149814531165458e-01,4.699758949744383685e-01,6.255777801651870584e-01,4.699758949539803443e-01,4.735149813908635097e-01
5.165875805081329153e-01,3.664884581091131799e-01,4.107257042806782277e-01,3.664884580115970181e-01,5.165875805057770220e-01,5.494797164579398041e-01,6.350478897434986836e-01,6.198741206877882437e-01,6.350478897193152505e-01,5.494797164028383252e-01
4.774269524707063228e-01,4.629290882584327638e-01,6.583495569136162961e-01,4.629290881631367705e-01,4.774269524799000797e-01,6.077082141575170793e-01,7.604204968156669242e-01,5.986945000772792014e-01,7.604204967869178100e-01,6.077082141114303893e-01
4.427888544901113499e-01,6.106265040944730549e-01,7.521039342960381680e-01,6.106265040069643879e-01,4.427888545092886763e-01,6.383266590429415022e-01,8.409758714645287903e-01,5.954863666038946457e-01,8.409758714305025640e-01,6.383266590075944436e-01
4.148026241461182373e-01,7.736572265535874848e-01,7.821762328768216976e-01,7.736572264790023690e-01,4.148026241737106101e-01,6.381333932726283020e-01,8.682112874016724158e-01,6.623508446586358067e-01,8.682112873616835147e-01,6.381333932496251471e-01
3.930105674760757672e-01,9.089637888330923676e-01,8.165065660125268021e-01,9.089637887745173339e-01,3.930105675105426410e-01,6.111801397515739254e-01,8.330715788991768234e-01,7.904455279897142361e-01,8.330715788527415233e-01,6.111801397423697324e-01
3.752757880079763964e-01,9.772608210537894191e-01,7.672218137756277034e-01,9.772608210109297033e-01,3.752757880476882968e-01,5.664608675687794470e-01,7.389784425492080810e-01,9.009281523678893677e-01,7.389784424966562293e-01,5.664608675746372057e-01
3.601712679380202342e-01,9.585017034839729000e-01,6.751155510602211418e-01,9.585017034532752334e-01,3.601712679811467921e-01,5.144913252121428027e-01,6.073565759691799126e-01,9.017240190333722927e-01,6.073565759120449492e-01,5.144913252340476140e-01
3.493771626424212462e-01,8.563321011840522301e-01,4.179334624860777114e-01,8.563321011604863031e-01,3.493771626869656144e-01,4.650826628562078069e-01,4.737662050277086645e-01,7.649645015345343246e-01,4.737662049686075516e-01,4.650826628947568042e-01
3.480879269388064690e-01,6.936549734034583858e-01,2.522790879280605303e-01,6.936549733831777198e-01,3.480879269826910316e-01,4.269094750956198281e-01,3.763805440958752357e-01,5.386494033230958545e-01,3.763805440378694134e-01,4.269094751509401875e-01
3.628062539181341473e-01,5.050154683053603710e-01,2.048828176717590599e-01,5.050154682870759970e-01,3.628062539593825964e-01,4.077285444578774287e-01,3.392222659599733459e-01,2.941298270317769803e-01,3.392222659060112333e-01,4.077285445296314759e-01
3.976828839664626192e-01,3.281344768289279346e-01,2.680108276607366946e-01,3.281344768138069190e-01,3.976828840033249657e-01,4.140241552690534510e-01,3.674802028395959264e-01,9.381675620628111834e-02,3.674802027921004743e-01,4.140241553564736332e-01
4.513861629705727130e-01,1.960825030118762413e-01,4.208743481855347079e-01,1.960825030025039883e-01,4.513861630016549609e-01,4.499813632218062076e-01,4.506278956384455192e-01,0.000000000000000000e+00,4.506278955992018553e-01,4.499813633237397803e-01
5.160912149455469944e-01,1.321118645293870297e-01,6.377115321359041467e-01,1.321118645286014637e-01,5.160912149699272700e-01,5.164513727961711487e-01,5.652456453424967719e-01,0.000000000000000000e+00,5.652456453126887270e-01,5.164513729110612461e-01
5.792628960261487769e-01,1.463834455377833188e-01,8.823963875530228540e-01,1.463834455475754859e-01,5.792628960437304908e-01,6.105530629641974238e-01,6.758447125089395158e-01,2.828514460523025992e-02,6.758447124890677449e-01,6.105530630899499434e-01
6.279201623894342665e-01,2.335235807959114840e-01,9.841894015889670611e-01,2.335235808166683247e-01,6.279201624014957295e-01,7.261646585356360539e-01,7.381574391612232278e-01,0.000000000000000000e+00,7.381574391511285249e-01,7.261646586694513461e-01
6.538717933394881943e-01,3.719440410001103592e-01,1.000000000000000000e+00,3.719440410306182887e-01,6.538717933493420897e-01,8.550238117400524862e-01,7.115433737543350734e-01,1.232697154659736644e-01,7.115433737540077797e-01,8.550238118782600427e-01
6.574120218467747190e-01,5.271973056541034985e-01,9.751599759622870955e-01,5.271973056918287659e-01,6.574120218599863730e-01,9.396889438827402685e-01,5.808760428891375227e-01,7.199186308087734965e-02,5.808760428991718294e-01,9.396889440109845726e-01
6.503943205258622129e-01,6.590910543772279251e-01,9.853111075574106925e-01,6.590910544196554310e-01,6.503943205494280289e-01,8.919070424272024233e-01,3.757490494651498092e-01,1.379202050847264938e-01,3.757490494873819142e-01,8.919070425467104934e-01
6.462371350704873008e-01,7.361867246665263487e-01,6.567741502450987756e-01,7.361867247124456171e-01,6.462371351119927665e-01,9.442265442807638021e-01,1.677614336752766000e-01,2.369154188486795876e-01,1.677614337125659660e-01,9.442265443526747237e-01
6.489529831069944521e-01,7.421747038453025969e-01,2.997990463337706357e-01,7.421747038954953357e-01,6.489529831736159382e-01,9.633351936589829023e-01,4.075287449179081090e-02,3.343685187497698053e-01,4.075287454689624500e-02,9.633351937192075054e-01
6.578364280951617404e-01,6.736020982073515073e-01,2.585544083867202803e-02,6.736020982633651455e-01,6.578364281921671441e-01,9.520552844317093921e-01,5.534916323216606399e-02,4.129345154058332024e-01,5.534916330604414125e-02,9.520552845119734098e-01
6.718806663527535639e-01,5.401213653869563203e-01,0.000000000000000000e+00,5.401213654488957738e-01,6.718806664828408381e-01,9.409651928958059353e-01,2.264883349060523299e-01,4.549761992858845638e-01,2.264883349966628212e-01,9.409651929908346979e-01
6.931734693974690442e-01,3.703660781305123106e-01,2.797518696520050197e-02,3.703660781957268666e-01,6.931734695633350318e-01,9.990299352987670467e-01,5.215323150247919148e-01,4.469017741025874679e-01,5.215323151272084345e-01,9.990299359198974161e-01
7.247296800368226988e-01,2.159682862555176441e-01,3.193507078777235719e-01,2.159682863200098057e-01,7.247296802359605161e-01,9.980660903464986244e-01,8.740063523643736287e-01,3.860613187903719212e-01,8.740063524720882437e-01,9.980660909969385486e-01
7.644037311610667462e-01,1.435868966854572104e-01,7.282241057604786905e-01,1.435868967471319868e-01,7.644037313822057422e-01,9.981899652475990647e-01,1.000000000000000000e+00,2.893369431242830969e-01,1.000000000000000000e+00,9.981899657949979687e-01
8.030504468941975782e-01,2.106016852705966391e-01,1.000000000000000000e+00,2.106016853264159883e-01,8.030504471283361756e-01,9.077109830673510960e-01,1.000000000000000000e+00,1.964325449777550303e-01,1.000000000000000000e+00,9.077109830916266775e-01
8.299743761656724894e-01,4.330195104723285615e-01,9.900172337036635684e-01,4.330195105195022154e-01,8.299743764071871865e-01,8.185743391985584871e-01,1.000000000000000000e+00,1.594853818252737754e-01,1.000000000000000000e+00,8.185743392218899350e-01
8.376442555538334833e-01,7.685743234723758643e-01,9.753626352644269026e-01,7.685743235097832748e-01,8.376442557981826909e-01,7.438461945734770042e-01,1.000000000000000000e+00,2.075645441563656324e-01,1.000000000000000000e+00,7.438461946030829886e-01
8.221463042940634347e-01,1.000000000000000000e+00,1.000000000000000000e+00,1.000000000000000000e+00,8.221463045381762758e-01,7.073042835517781013e-01,9.852196568101778684e-01,3.123242923027032547e-01,9.852196572762287330e-01,7.073042835952363383e-01
7.832913208574862063e-01,9.904660243583399692e-01,1.000000000000000000e+00,9.904660247184039479e-01,7.832913210990525288e-01,7.137755669043962525e-01,7.332573524920352748e-01,3.997853414965072960e-01,7.332573525718180107e-01,7.137755669684423543e-01
7.255927553378016537e-01,1.000000000000000000e+00,9.878949264839601563e-01,1.000000000000000000e+00,7.255927555737140544e-01,7.539267856992573069e-01,3.890596117831165435e-01,4.058094822428244264e-01,3.890596118545746607e-01,7.539267857885693092e-01
6.577890738400086201e-01,1.000000000000000000e+00,5.204787943530085892e-01,1.000000000000000000e+00,6.577890740664864566e-01,8.057413261093356871e-01,1.257074983978521687e-01,3.218477752131215786e-01,1.257074984596167899e-01,8.057413262263523057e-01
5.903553368463526629e-01,9.975894964515927832e-01,1.536421998091339891e-01,9.975894967273585268e-01,5.903553370597525163e-01,8.416239399305888158e-01,0.000000000000000000e+00,1.956006685865306627e-01,0.000000000000000000e+00,8.416239400755647360e-01
5.331452818354246448e-01,9.581647851985742870e-01,0.000000000000000000e+00,9.581647852617007910e-01,5.331452820328378417e-01,8.380498258887936203e-01,0.000000000000000000e+00,9.728862886166035617e-02,0.000000000000000000e+00,8.380498260598990834e-01
4.928935260695830878e-01,9.889272904641934758e-01,4.755738761301951667e-02,9.889272905196597740e-01,4.928935262504140491e-01,7.826122450736558989e-01,7.436586421879023967e-02,8.100360449325631762e-02,7.436586425094715569e-02,7.826122452683811348e-01
4.711486802822077991e-01,9.248961936444336507e-01,2.708563966361335895e-01,9.248961937202063721e-01,4.711486804479791957e-01,6.757489293867927627e-01,2.493174004290826529e-01,1.595903809064943557e-01,2.493174004514638054e-01,6.757489296018708291e-01
4.641262084842122659e-01,9.508168139344778114e-01,5.395837997268351227e-01,9.508168139915117445e-01,4.641262086380286700e-01,5.293353148728542346e-01,4.412684279536796539e-01,2.965135056965583216e-01,4.412684279663973141e-01,5.293353151042902160e-01
4.638203562919347989e-01,9.485068125600816247e-01,7.213321087467611248e-01,9.485068126140676625e-01,4.638203564376776611e-01,3.598935712306584045e-01,6.018031734390009158e-01,4.240867242884440724e-01,6.018031734432649493e-01,3.598935714738701885e-01
4.608297577760308017e-01,9.731403340157840365e-01,7.206346900237128317e-01,9.731403340820166115e-01,4.608297579175935632e-01,1.858710812714842175e-01,6.993569683135248960e-01,4.811402123696493782e-01,6.993569683127407455e-01,1.858710815214382195e-01
4.482907710068865792e-01,7.855977846422398381e-01,5.206807649607998467e-01,7.855977846917606700e-01,4.482907711473954615e-01,2.797438486408641498e-02,7.322426086199530504e-01,4.512385799638566342e-01,7.322426086187895367e-01,2.797438511548898735e-02
4.257112167539375824e-01,6.059458454368050750e-01,1.822311984543567021e-01,6.059458454652426607e-01,4.257112168954477194e-01,1.967721392965023422e-02,7.312864824270621789e-01,3.751020637418866488e-01,7.312864824299012412e-01,1.967721422378163054e-02
3.973555860206832713e-01,4.502845700743757229e-01,1.110647484990990447e-02,4.502845700793726147e-01,3.973555861635101327e-01,2.662654742454925033e-02,7.420787419258174644e-01,3.223252714238199479e-01,7.420787419367254056e-01,2.662654755645020924e-02
3.691315701449097153e-01,3.324547527283343573e-01,5.380294980327098020e-03,3.324547527105659039e-01,3.691315702889944039e-01,7.293849635973874944e-03,8.099079201685202012e-01,3.665989880580686755e-01,8.099079201904525460e-01,7.293849866518910263e-03
3.459189040419216599e-01,2.672783509620110798e-01,0.000000000000000000e+00,2.672783509247456668e-01,3.459189041871623127e-01,3.682515591826877877e-02,9.735084717881927752e-01,5.739192068866252328e-01,9.735084718238558033e-01,3.682515613467204213e-02
3.302411639723197290e-01,2.740152445394233860e-01,0.000000000000000000e+00,2.740152444875725846e-01,3.302411641176898338e-01,7.659359714348151771e-02,9.995221457455477632e-01,7.782700592018489960e-01,9.995221457998644254e-01,7.659359737058274442e-02
3.224994035015663063e-01,3.675530208106350671e-01,3.959961956387471511e-03,3.675530207508700409e-01,3.224994036465032021e-01,1.276986283888914830e-01,1.000000000000000000e+00,8.652658147581995252e-01,1.000000000000000000e+00,1.276986285762395645e-01
3.216084173553189207e-01,5.411198656406874807e-01,0.000000000000000000e+00,5.411198655824750459e-01,3.216084174997458356e-01,2.866587786002525173e-01,1.000000000000000000e+00,9.705893487216433746e-01,1.000000000000000000e+00,2.866587787749335647e-01
3.259562474627653028e-01,7.519351778668288411e-01,4.040755786393415150e-01,7.519351778194767189e-01,3.259562476068841863e-01,4.369470703761506591e-01,1.000000000000000000e+00,1.000000000000000000e+00,1.000000000000000000e+00,4.369470705398741939e-01
3.328167280788231763e-01,9.296305191719762551e-01,7.500599660991982276e-01,9.296305191428430037e-01,3.328167282235495739e-01,5.533283713749157506e-01,1.000000000000000000e+00,1.000000000000000000e+00,1.000000000000000000e+00,5.533283715296147820e-01
3.382547269689686331e-01,1.000000000000000000e+00,9.589726127541985390e-01,1.000000000000000000e+00,3.382547271155391666e-01,6.179591696331874218e-01,1.000000000000000000e+00,1.000000000000000000e+00,1.000000000000000000e+00,6.179591697808806128e-01
3.375901510454094034e-01,9.211737606473145989e-01,9.877129003272020480e-01,9.211737606610165274e-01,3.375901511948153910e-01,6.258023811388453428e-01,1.000000000000000000e+00,1.000000000000000000e+00,1.000000000000000000e+00,6.258023812814397235e-01
3.275008417646561587e-01,6.956356842882857050e-01,8.512178757467002699e-01,6.956356843190718564e-01,3.275008419171072105e-01,5.859814851948149661e-01,1.000000000000000000e+00,1.000000000000000000e+00,1.000000000000000000e+00,5.859814853341471785e-01
3.085170730649750004e-01,3.770613278553681669e-01,6.243601210987020922e-01,3.770613278987757222e-01,3.085170732198553867e-01,5.175469423533552993e-01,1.000000000000000000e+00,1.000000000000000000e+00,1.000000000000000000e+00,5.175469424910541516e-01
2.862979987025942585e-01,4.217949141931059270e-02,3.694775993504153533e-01,4.217949147224051704e-02,2.862979988586248914e-01,4.422078345608383421e-01,1.000000000000000000e+00,5.824014212384155398e-01,1.000000000000000000e+00,4.422078346980123920e-01
2.712017045061827503e-01,0.000000000000000000e+00,1.270236752926949819e-01,0.000000000000000000e+00,2.712017046615651794e-01,3.788070034223542937e-01,1.000000000000000000e+00,0.000000000000000000e+00,1.000000000000000000e+00,3.788070035592273066e-01
2.754007316347025225e-01,0.000000000000000000e+00,2.028994346297742762e-03,0.000000000000000000e+00,2.754007317867496196e-01,3.410162612144009842e-01,9.933345457398992107e-01,3.622234650479393830e-02,9.933345458506376291e-01,3.410162613498374240e-01
3.094458231231875245e-01,0.000000000000000000e+00,2.379982066882770780e-02,0.000000000000000000e+00,3.094458232686858046e-01,3.384965967988899926e-01,9.902412221537112424e-01,3.856723094067866786e-02,9.902412226618899638e-01,3.384965969309416400e-01
3.801147442922341857e-01,0.000000000000000000e+00,5.415207148223760009e-02,0.000000000000000000e+00,3.801147444284573296e-01,3.769247680282850621e-01,9.978891415051519553e-01,4.619850431697022919e-02,9.978891416706097139e-01,3.769247681548241191e-01
4.888874538959094851e-01,1.286154059591630150e-01,2.424500651342870461e-01,1.286154060443188418e-01,4.888874540198563934e-01,4.586570856655633466e-01,9.962829119932349320e-01,4.924419511951483308e-02,9.962829121725969017e-01,4.586570857840686632e-01
6.299620805414697378e-01,6.179862244887591727e-01,4.554757587125682350e-01,6.179862245709309976e-01,6.299620806504973025e-01,5.829453663195807156e-01,9.989508620975467990e-01,2.926050976703147097e-03,9.989508622773983770e-01,5.829453664278176905e-01
7.877596448306122268e-01,1.000000000000000000e+00,6.282851124587368608e-01,1.000000000000000000e+00,7.877596449231156761e-01,7.402602788967964642e-01,9.966650474000315896e-01,2.270503763673458464e-01,9.966650475903918727e-01,7.402602789929957350e-01
9.358737391992043575e-01,1.000000000000000000e+00,6.962160683284113194e-01,1.000000000000000000e+00,9.358737392754650219e-01,9.056507637342058326e-01,9.919144870565038685e-01,5.409565608160421535e-01,9.919144872639192867e-01,9.056507638169708496e-01
1.000000000000000000e+00,1.000000000000000000e+00,6.313204826382661228e-01,1.000000000000000000e+00,1.000000000000000000e+00,1.000000000000000000e+00,9.453596898299321261e-01,8.321968635914636092e-01,9.453596898332831122e-01,1.000000000000000000e+00
1.000000000000000000e+00,1.000000000000000000e+00,4.780682593506363487e-01,1.000000000000000000e+00,1.000000000000000000e+00,1.000000000000000000e+00,8.587348967024631685e-01,9.911077954588470851e-01,8.587348967146372081e-01,1.000000000000000000e+00
1.000000000000000000e+00,1.000000000000000000e+00,3.297121850737013693e-01,1.000000000000000000e+00,1.000000000000000000e+00,1.000000000000000000e+00,7.760495466178047863e-01,9.720786084566815921e-01,7.760495466373895646e-01,1.000000000000000000e+00
9.452080307579894258e-01,1.000000000000000000e+00,2.775723006753205713e-01,1.000000000000000000e+00,9.452080308006358678e-01,1.000000000000000000e+00,7.166379830646129045e-01,9.734919123660883411e-01,7.166379830904020531e-01,1.000000000000000000e+00
8.034834797348560098e-01,1.000000000000000000e+00,3.635509640207277848e-01,1.000000000000000000e+00,8.034834797769079273e-01,8.695495229301474227e-01,6.817542181643357901e-01,9.985797285200220808e-01,6.817542181952730429e-01,8.695495229310211682e-01
6.469178751427591134e-01,9.443512995259483178e-01,5.580257137778957821e-01,9.443512995286552636e-01,6.469178751842715736e-01,7.235073555238428211e-01,6.540480419707903614e-01,1.000000000000000000e+00,6.540480420046623777e-01,7.235073555135478340e-01
4.975388842199537920e-01,5.785493466614154423e-01,7.841351454114822150e-01,5.785493466504072479e-01,4.975388842600958483e-01,5.973614575059343901e-01,6.156495284519850619e-01,8.969222083125912848e-01,6.156495284856023931e-01,5.973614574877277317e-01
3.693323687256050980e-01,3.512628625153568218e-01,9.632607263303291090e-01,3.512628624886929285e-01,3.693323687630977736e-01,5.115054872406978870e-01,5.653478029918597159e-01,6.708079005035457731e-01,5.653478030227214735e-01,5.115054872172727363e-01
2.695112837250098758e-01,2.683826600691298636e-01,9.995005698622744239e-01,2.683826600256169481e-01,2.695112837583321652e-01,4.755104159076659065e-01,5.195600380923232064e-01,4.640205560787704631e-01,5.195600381189742212e-01,4.755104158808968751e-01
2.005331085823652548e-01,3.028673616045515771e-01,1.000000000000000000e+00,3.028673615434409605e-01,2.005331086098507687e-01,4.900090632854950945e-01,5.050752040387791464e-01,2.992366715190371562e-01,5.050752040604730153e-01,4.900090632563686155e-01
1.613419989220120920e-01,4.091422337210915972e-01,8.844116857425501355e-01,4.091422336422224637e-01,1.613419989420107892e-01,5.480164192922828414e-01,5.470910677128517641e-01,1.875611434747410378e-01,5.470910677291044300e-01,5.480164192611115537e-01
1.481085816437156255e-01,5.377688969570629807e-01,7.082869773313369421e-01,5.377688968617280185e-01,1.481085816547227929e-01,6.354534184301299238e-01,6.570077796584510299e-01,1.369647148820473115e-01,6.570077796685125371e-01,6.354534183968360006e-01
1.550583328031119590e-01,6.479300628581927679e-01,5.303772191896684030e-01,6.479300627498060239e-01,1.550583328039908670e-01,7.318497940647180622e-01,8.234345082581863151e-01,1.587362952542091532e-01,8.234345082608024446e-01,7.318497940291417425e-01
1.757567316070148267e-01,7.155754733529137157e-01,3.841047942170252583e-01,7.155754732368797555e-01,1.757567315971541311e-01,8.127710693563737765e-01,9.917059805669770078e-01,2.642132353143463730e-01,9.917059804411839652e-01,8.127710693183887170e-01
2.047155238182203352e-01,7.356635601974502725e-01,2.785758331513588093e-01,7.356635600813900000e-01,2.047155237975088748e-01,8.551414747761497681e-01,9.803715266197431388e-01,4.523135869230787698e-01,9.803715264999770529e-01,8.551414747356120838e-01
2.387426704746042627e-01,7.179864731293960078e-01,2.046094192725493033e-01,7.179864730223582958e-01,2.387426704430516133e-01,8.446498840377719697e-01,9.842764923611646566e-01,6.979747394148700934e-01,9.842764921915954091e-01,8.446498839942712111e-01
2.781809745446890414e-01,6.783400045945701118e-01,1.524668971358261738e-01,6.783400045045504534e-01,2.781809745023244296e-01,7.807685037157771069e-01,1.000000000000000000e+00,9.508492394555856375e-01,1.000000000000000000e+00,7.807685036687086466e-01
3.265485870959355941e-01,6.298204035819001678e-01,1.243555181988351271e-01,6.298204035089951525e-01,3.265485870428219695e-01,6.763427899287337564e-01,9.726347642792393389e-01,9.235011186870468736e-01,9.726347642180029895e-01,6.763427898774094782e-01
3.882828008926088037e-01,5.820182963239901586e-01,1.357791139062173302e-01,5.820182962625932710e-01,3.882828008289345156e-01,5.523511789180582943e-01,7.021537307738913158e-01,9.969888479943733728e-01,7.021537306935479172e-01,5.523511788620224516e-01
4.666073639558493413e-01,5.447191266998356873e-01,2.115713813745666305e-01,5.447191266480712057e-01,4.666073638819011604e-01,4.295154833060230160e-01,4.132594982397743144e-01,9.868054256726359608e-01,4.132594981393323819e-01,4.295154832450986948e-01
5.618091558571105537e-01,5.290108028191931044e-01,3.743999506908058383e-01,5.290108027754543141e-01,5.618091557734391506e-01,3.216432318381456379e-01,1.742426230096628947e-01,8.540365940566353453e-01,1.742426228897773766e-01,3.216432317724927104e-01
6.697069644679651823e-01,5.445832321444584734e-01,5.620593166428439202e-01,5.445832321070940285e-01,6.697069643753956747e-01,2.334692976030224298e-01,3.530473850868252189e-02,3.937857779798195623e-01,3.530473837213403410e-02,2.334692975332142428e-01
7.805351825009216871e-01,5.913513689264174866e-01,7.680833262274860962e-01,5.913513688930572831e-01,7.805351824004443939e-01,1.624624242078186176e-01,1.602069096091602446e-02,0.000000000000000000e+00,1.602069081226636243e-02,1.624624241347980280e-01
8.788282268405090969e-01,6.549040907242457132e-01,9.948134117196135717e-01,6.549040906917287241e-01,8.788282267331465336e-01,1.028135963674381426e-01,1.063836374453115130e-01,0.000000000000000000e+00,1.063836372892838777e-01,1.028135962923666380e-01
9.454480017195160402e-01,7.109580438513547485e-01,9.758168317862120356e-01,7.109580438156876125e-01,9.454480016062565273e-01,4.967071723889170815e-02,2.740101145846751129e-01,0.000000000000000000e+00,2.740101144248759391e-01,4.967071716290397121e-02
9.626501971681120651e-01,7.325616114239879018e-01,9.839259434442451102e-01,7.325616113814140684e-01,9.626501970498947403e-01,2.071932277493385328e-03,4.675439806529098630e-01,0.000000000000000000e+00,4.675439804923615106e-01,2.071932201392841927e-03
9.211129393517224484e-01,7.021502208905507914e-01,9.852585789315992937e-01,7.021502208386231070e-01,9.211129392284342909e-01,7.369264264219620511e-03,6.316150545335389443e-01,0.000000000000000000e+00,6.316150543743109802e-01,7.369264088574975849e-03
8.255439346209532125e-01,6.216976215890340773e-01,9.885993922399859413e-01,6.216976215273662953e-01,8.255439344940571633e-01,2.507728743922527613e-03,7.240961470026121560e-01,0.000000000000000000e+00,7.240961468457350891e-01,2.507728547013871566e-03
6.949846786176669955e-01,5.106861474075156115e-01,9.922672085980446255e-01,5.106861473380940319e-01,6.949846784888694673e-01,6.787402135618469251e-03,7.316237818427778761e-01,0.000000000000000000e+00,7.316237816888468970e-01,6.787401959945500024e-03
5.568874473982048379e-01,3.977991452388909277e-01,9.959926590767269605e-01,3.977991451655175648e-01,5.568874472646820895e-01,4.748774542056632963e-03,6.775643426722616214e-01,0.000000000000000000e+00,6.775643425214351590e-01,4.748774401573366451e-03
4.384783728100215550e-01,3.091208670973888961e-01,9.947258419333571133e-01,3.091208670246500256e-01,4.384783726699445494e-01,4.345457165150928835e-02,6.148217359093004486e-01,3.272813487171206681e-01,6.148217357615660683e-01,4.345457156889950129e-02
3.602288468298356361e-01,2.658236616824560250e-01,9.874629951840409037e-01,2.658236616143811459e-01,3.602288466831215508e-01,1.402146369794081970e-01,6.038075990221793976e-01,9.781050761898194557e-01,6.038075988777183989e-01,1.402146368925600850e-01
3.338075777531732125e-01,2.944162404148663592e-01,9.806060142467226681e-01,2.944162403547235796e-01,3.338075775989334804e-01,2.616007031712957454e-01,6.866231798620239246e-01,9.878350850887049894e-01,6.866231797215567312e-01,2.616007030791961396e-01
