0.000000000000000000e+00,2.626033244724069503e-05,9.943412265556459406e-01,1.830360702582919962e-04,3.043103290320721150e-03,0.000000000000000000e+00,0.000000000000000000e+00,3.253727565302732237e-03
0.000000000000000000e+00,9.948509340889473140e-01,0.000000000000000000e+00,4.318491530960937366e-03,0.000000000000000000e+00,0.000000000000000000e+00,0.000000000000000000e+00,5.101830546587846071e-03
2.246382623045675451e-05,9.374906806330133291e-01,0.000000000000000000e+00,2.824136043970807558e-03,2.873524353550248941e-05,0.000000000000000000e+00,4.975343312826277509e-02,1.226210144340744886e-02
1.725997920057601234e-02,8.745237343764067361e-01,0.000000000000000000e+00,1.709962129061727218e-02,7.547780360194823214e-03,0.000000000000000000e+00,6.647459244803091694e-02,1.889491541728325133e-02
5.388529675545160325e-02,0.000000000000000000e+00,0.000000000000000000e+00,3.289797207733604484e-02,7.298854466181504963e-02,3.276821904509249345e-02,8.158180963050383808e-05,8.086475587043937541e-01
7.118432574378803746e-05,0.000000000000000000e+00,0.000000000000000000e+00,1.123507276579611275e-01,1.677892822411847229e-01,1.062009084212979515e-02,0.000000000000000000e+00,7.106549658306040573e-01
2.276968194540396340e-02,0.000000000000000000e+00,0.000000000000000000e+00,1.046012461491649392e-01,2.098981379448210671e-01,7.881589147937465012e-02,0.000000000000000000e+00,5.848434765694237036e-01
3.126273661100793799e-02,0.000000000000000000e+00,0.000000000000000000e+00,7.112140777516838541e-02,2.483605654974994081e-01,1.599691226178461545e-01,0.000000000000000000e+00,4.902512387061846444e-01
3.775799278164744532e-02,0.000000000000000000e+00,0.000000000000000000e+00,4.873229470857504131e-02,3.101310916984048593e-01,1.446185078994456363e-01,0.000000000000000000e+00,4.595726187094316684e-01
1.116888832490069150e-02,0.000000000000000000e+00,0.000000000000000000e+00,5.175515239241048476e-02,4.059858768062025725e-01,3.272199022996808565e-02,0.000000000000000000e+00,4.986142527960024662e-01
1.169290406236949548e-01,0.000000000000000000e+00,0.000000000000000000e+00,0.000000000000000000e+00,4.137288866433644907e-01,5.085656944158483198e-03,0.000000000000000000e+00,4.639752468906301885e-01
1.944258864353995975e-01,0.000000000000000000e+00,0.000000000000000000e+00,1.600938112419805675e-05,4.050712462830354799e-01,1.186694228910112944e-03,0.000000000000000000e+00,3.984888575015918533e-01
2.441645209915812575e-01,0.000000000000000000e+00,0.000000000000000000e+00,6.220426196875368245e-06,4.238743315356902630e-01,3.479588422129964919e-05,0.000000000000000000e+00,3.311741457264562039e-01
2.622940101164019655e-01,0.000000000000000000e+00,0.000000000000000000e+00,7.358188065113508691e-07,4.742871631212235428e-01,0.000000000000000000e+00,0.000000000000000000e+00,2.625093333630786896e-01
2.145079685910029343e-01,1.185917815362520051e-04,0.000000000000000000e+00,3.525750857757778241e-06,5.758199326811287433e-01,0.000000000000000000e+00,0.000000000000000000e+00,2.080923057645455432e-01
1.190859864554771053e-01,2.839456867150433241e-03,0.000000000000000000e+00,5.329402438974697965e-04,5.919298728558936018e-01,7.143548121683246160e-04,0.000000000000000000e+00,2.823922501445138011e-01
3.126278066991119292e-02,4.343571503233834702e-02,0.000000000000000000e+00,0.000000000000000000e+00,6.672221716578936590e-01,2.850284326169201261e-03,0.000000000000000000e+00,2.547343406446614944e-01
1.103914135384937018e-01,5.021948694961607673e-01,0.000000000000000000e+00,2.022085930712084892e-04,1.799305977247305233e-01,1.356610707179237672e-02,4.993967202915397790e-04,1.921773192972051625e-01
0.000000000000000000e+00,1.604530616077087246e-01,0.000000000000000000e+00,2.332272631945075114e-01,2.717963324064094893e-03,4.860319691525876590e-02,8.318131611205751197e-05,5.562230399092145117e-01
2.891889946928593940e-04,1.325936316642710693e-04,0.000000000000000000e+00,1.513147598695195883e-01,3.499782253559505642e-04,4.448995632375954412e-01,4.304422752800306229e-02,3.591725546710194950e-01
0.000000000000000000e+00,0.000000000000000000e+00,2.290464671273199360e-01,7.913961654486361113e-04,6.953729948823741044e-06,6.003884524882421303e-01,9.269235479310838910e-02,7.665615688333016209e-02
0.000000000000000000e+00,0.000000000000000000e+00,5.292443822241850171e-01,9.954178613381385772e-04,1.320325691363098634e-05,3.749827433080089034e-01,8.151907201414464177e-02,1.318217147258011687e-02
0.000000000000000000e+00,0.000000000000000000e+00,5.780719034617403107e-01,9.383121622819560591e-04,3.130767230463863703e-06,5.710890331206330828e-02,3.624457786675571169e-01,1.144084254644415436e-03
1.672833297884351308e-05,8.015058293131877882e-06,4.580618490674215337e-01,4.223190738753522804e-04,2.287823693912491283e-05,0.000000000000000000e+00,5.414121689189020925e-01,1.291241397376532713e-04
3.957102527048915897e-04,6.847038161218621521e-02,5.829925428253008857e-01,1.314420016475399342e-03,1.033371141932227523e-04,0.000000000000000000e+00,3.459324429564993308e-01,7.663255147278174358e-04
1.747673855328901737e-01,3.215495855269016184e-02,4.882670666333917553e-01,7.195937985880604404e-02,1.804152672152155605e-03,1.852833376523916886e-01,3.623075942931051896e-02,8.272494278643703625e-03
2.437490394020726259e-01,7.538990353930419448e-03,1.988297593350089962e-03,1.464008773782196904e-01,3.039552780512804267e-02,2.595584609053463998e-01,1.126786060783956274e-02,2.988407750350344227e-01
1.499538820674629069e-01,0.000000000000000000e+00,0.000000000000000000e+00,1.409227442406503147e-02,1.489954620346599541e-03,2.585547220897819742e-01,7.271696378583753125e-03,5.683887887270462347e-01
5.259743010447246597e-02,2.762066432334949195e-01,1.429867549055093359e-04,3.156772138038205916e-02,8.315040979187954262e-02,3.013652905971661022e-01,8.496325549533003188e-03,2.475700950009167012e-01
3.176109438591964923e-04,5.517244866986530383e-01,2.900448766289161380e-03,2.073875979931975172e-03,1.188059003013968024e-01,2.727769609526059513e-01,7.053993668725039475e-04,5.119387040122939936e-02
1.477411101508503894e-04,6.458615521098269863e-01,4.303844607002930284e-02,1.743573016373374063e-04,4.433159054112963821e-02,2.663666345883137221e-01,3.495110614772780734e-08,1.628095361067349932e-04
1.248726401334867653e-05,6.200788137876790396e-01,2.171422789649932877e-02,6.791818276407959594e-05,0.000000000000000000e+00,3.600385262842408229e-01,0.000000000000000000e+00,0.000000000000000000e+00
2.586683836135883615e-04,4.070037842410608731e-01,5.365485434331128270e-04,1.397896235920311479e-04,2.605370798805169835e-02,5.659645998646607445e-01,0.000000000000000000e+00,0.000000000000000000e+00
2.269418735301496383e-03,2.746163603175809653e-01,3.652512600172149295e-04,3.169308344746101153e-04,2.489521134051402539e-03,7.205477759771489188e-01,0.000000000000000000e+00,2.387711831054865647e-04
1.106103659050319821e-01,2.338045081500054675e-02,5.645016158289322772e-05,1.219846962429831918e-03,6.152350932245448378e-01,2.493857519085220242e-01,5.865950299677052552e-06,5.996916678602400540e-04
2.722364935021008917e-02,3.952484971562408855e-02,1.140680656756048236e-03,1.017960226700085615e-03,6.383046987460654353e-01,2.783938879642914310e-01,4.917906165728012577e-04,1.480416251438233105e-02
5.737262626843055158e-02,7.079783606075482072e-02,1.465648080205814814e-03,9.329144155354624499e-04,7.024256045343650889e-01,1.608358587818813860e-03,4.271521176849420870e-02,1.239472080244791996e-01
4.360200113597461485e-02,3.403703308802875638e-01,6.642287670870188586e-03,1.434151974032039966e-03,3.829581632980047501e-01,1.484316442197135310e-03,6.374904000942227533e-02,1.582871996563570138e-01
3.493102494714108580e-02,5.667030464873819007e-01,3.646972892745911632e-02,3.297917197896483633e-04,1.357397752530010437e-01,9.412839047878681427e-05,1.541957192865943578e-02,2.108846372416094406e-01
2.847388349522606346e-02,5.276295121675433908e-01,4.616322994267017810e-02,1.126229084242286399e-03,5.017150006882960950e-02,4.535647200602038048e-02,3.838910228514193087e-06,3.000530678653915984e-01
0.000000000000000000e+00,2.766131782094115032e-01,4.334572925031154184e-03,8.882918972475331446e-04,1.530035167063419910e-01,1.162560850374256133e-01,0.000000000000000000e+00,4.492748307323558010e-01
0.000000000000000000e+00,1.628266531788193083e-01,2.803312683163629478e-03,4.691957687854110738e-05,2.367423049967178617e-01,1.189706895249207086e-01,0.000000000000000000e+00,4.791954531557235941e-01
0.000000000000000000e+00,1.401618659646002296e-01,4.611068735534948337e-03,3.257549419169633972e-05,3.255129675381535637e-01,7.575552230060528247e-02,0.000000000000000000e+00,4.555237300686224566e-01
1.938738170479771051e-04,2.330200277553511334e-01,3.251076759980506964e-02,7.205461689877014049e-04,1.841564797443163704e-01,3.226039641484860776e-01,0.000000000000000000e+00,2.281060775277355679e-01
1.671195862372582789e-04,1.144463412361690913e-01,7.313186570149161556e-03,1.089373302649204317e-01,3.651121667311092722e-02,5.973697282482149928e-01,0.000000000000000000e+00,1.363896327790711793e-01
2.049049813592422164e-04,1.879325224776894065e-02,8.389400352839358407e-03,1.885122841807237992e-01,1.431432894866362382e-01,1.824397896374599648e-01,0.000000000000000000e+00,4.593336921164983266e-01
8.722725071997222170e-04,1.870941424213513546e-02,5.721978529307870931e-03,1.661594090543893898e-01,1.137232137706412488e-01,6.048709177364310768e-02,0.000000000000000000e+00,6.343879671270533649e-01
1.900148537547604244e-04,4.457304324087583286e-02,0.000000000000000000e+00,2.823761664390576076e-01,1.995513052541273563e-02,3.784472037461090749e-03,0.000000000000000000e+00,6.490486287610702787e-01
4.812126070103644581e-04,1.193982043371745461e-01,0.000000000000000000e+00,2.756714298797688922e-01,9.812463068339986882e-02,1.685273246252146431e-04,0.000000000000000000e+00,5.063207921630834552e-01
1.484097295603506277e-03,2.830881784944926371e-01,0.000000000000000000e+00,3.178408185761931182e-01,6.663886795276224850e-02,4.417802726762348406e-03,0.000000000000000000e+00,3.263700286296333797e-01
3.408734611443060142e-02,4.855087063761290844e-01,0.000000000000000000e+00,1.058566818953237537e-01,1.100980937510621510e-01,2.044596692464048515e-02,4.048570589292690470e-05,2.444341973635828225e-01
1.550970635858416324e-01,5.126184256438416353e-01,0.000000000000000000e+00,1.029559008595494745e-03,8.511257377995427864e-02,3.375531791404386833e-02,3.612559077933570834e-04,2.125358331432505576e-01
2.076167861236708212e-01,4.969333902086842669e-01,0.000000000000000000e+00,2.722755983244930580e-02,6.789722386669420906e-02,2.365409738154236954e-02,4.222488014860123484e-03,1.725014666682778419e-01
1.698155732985559552e-01,3.588979035211405377e-01,0.000000000000000000e+00,1.452405611743035410e-02,1.721302100743407337e-01,1.053550279202794537e-01,9.761830929923907829e-03,1.702635629554159480e-01
1.235389723565627901e-01,1.293919832157870431e-01,0.000000000000000000e+00,1.393154636023494555e-02,2.857701161214640240e-01,2.901140063123264778e-01,1.722730579801226569e-02,1.406605358801853722e-01
1.014565942147256650e-01,1.302064637289978995e-05,0.000000000000000000e+00,2.396817768701031519e-03,3.911022930411879872e-01,3.307951443198094976e-01,8.850978199328984322e-04,1.736543033720990004e-01
6.780491009807688985e-02,3.104023729503830199e-04,0.000000000000000000e+00,4.919990297315870315e-02,4.317703921250198307e-01,2.342941375732726095e-01,8.569489665761807025e-04,2.164452232890548555e-01
1.281806471854732288e-01,1.188140695665143646e-04,0.000000000000000000e+00,1.340142774823682714e-01,4.156104832450363551e-01,5.188996617210502732e-02,1.374663639830873919e-04,2.694260389969783676e-01
5.859676528988125299e-02,7.998771589040125363e-02,0.000000000000000000e+00,2.285908257534093324e-01,3.381766177015634312e-01,3.768764950518987272e-03,5.257312391319216060e-04,2.907958995639865485e-01
1.941686678023685775e-01,1.394430746965641121e-01,0.000000000000000000e+00,1.504553205899362145e-01,2.684251009932208665e-01,2.689910061373851965e-03,2.999719165046112358e-05,2.450897489678209584e-01
2.906872937907847287e-01,1.793774729656491818e-01,0.000000000000000000e+00,1.438633057032676632e-01,2.602778891956845086e-01,1.458805372073630020e-03,0.000000000000000000e+00,1.243229112517134777e-01
3.592124880899538186e-01,1.615554577177918949e-01,1.591629275954274322e-02,7.256995016293572853e-02,3.205330258532756993e-01,1.259281427281343235e-03,0.000000000000000000e+00,6.909837331119290937e-02
2.539888729533369971e-01,3.507168885488809451e-01,2.137160012981006996e-02,5.079446822664800132e-02,2.512913318246013383e-01,4.358776722985131802e-03,0.000000000000000000e+00,6.898061893950405143e-02
6.168257175066293313e-02,5.949974149915625565e-01,2.732962178282854343e-02,2.419551684157538254e-02,2.114273709251957845e-01,4.005004825180316815e-03,0.000000000000000000e+00,7.676779521692898844e-02
2.812333890858238501e-03,8.248134291620773384e-01,9.760158180954778620e-03,6.418169578318365376e-02,1.100470686214900101e-02,6.719251845923795291e-03,0.000000000000000000e+00,8.201550354649109198e-02
6.202041877783310924e-05,6.037314038969119334e-01,2.806875158982091722e-03,5.294634178780798645e-02,7.864043541584300008e-04,3.099722810037780496e-01,0.000000000000000000e+00,2.978776394331960134e-02
6.428276639274288325e-06,4.805241995348859541e-01,1.248005159821148763e-01,5.243887208080066920e-02,1.248157508681933293e-02,2.879259112842150192e-01,3.360739093464892277e-05,4.105474520489866413e-02
2.597925629403973619e-02,4.379316029718752223e-01,1.693766764116848011e-01,6.779878084531437699e-02,2.345743538941535630e-02,1.251012286796097384e-01,1.462571850879046675e-01,4.145439030896811046e-03
2.426593368989441932e-02,2.957450560867194156e-01,2.641810087364473425e-01,5.215572668230603753e-02,2.599207030179340530e-02,4.650818641586480697e-04,3.352104998471790998e-01,6.116585090214873453e-04
3.111106143050844028e-02,2.340065426661775139e-01,2.938020689413672337e-01,2.109012607237853096e-02,1.194817521213460687e-02,2.143974983133542771e-03,4.034098637211184779e-01,2.663188986929236612e-03
1.408754364518878185e-02,2.313968452766406447e-01,3.065540801187452979e-01,1.975595899013677173e-02,5.587691670040590558e-02,4.111684963670032139e-02,2.624664703410568567e-01,6.926291711128104711e-02
1.105559803978725386e-01,2.589631053591004983e-01,3.275200484166083670e-01,1.917217940413872557e-01,4.527375417271733982e-02,1.748433154497149207e-03,2.642679710062084859e-03,6.425806690978171087e-02
2.398200366665158431e-04,4.494424601776170203e-01,2.802669371346174776e-01,2.016785231769100406e-01,9.742112856261444381e-03,1.123936081948418396e-03,9.904568783136750640e-04,5.661159780311791900e-02
4.502641341805408348e-04,6.449930439115174607e-01,1.185980608868629493e-01,1.753721282904888434e-01,0.000000000000000000e+00,7.620240495414754706e-03,2.915922599090103119e-05,5.242192317415006464e-02
1.145831034867603807e-05,8.281345563301665269e-01,6.985928301934656026e-02,7.707652314599265642e-03,0.000000000000000000e+00,6.768585816823906309e-02,1.276599282848583971e-04,2.668159849688541904e-02
3.522490533501921456e-02,7.398023868731082864e-01,1.099993335312033083e-01,2.757500567563977295e-02,2.155048849247779343e-06,8.707304498866459685e-02,4.880210960604841608e-04,0.000000000000000000e+00
9.612472370456376369e-02,4.858453761778521174e-01,3.533091548064628551e-01,5.285985567832136162e-02,0.000000000000000000e+00,1.111533560198335602e-02,3.905219057034732761e-04,0.000000000000000000e+00
5.843804112123783534e-02,3.584615936984897528e-04,4.946630800593144750e-01,4.336170795090397989e-02,2.817526223445799421e-02,7.496677174619802110e-06,3.737392029707864438e-01,0.000000000000000000e+00
3.465612811787052022e-02,5.844184297618007593e-04,4.879033522874986484e-01,4.522938284853656398e-04,4.184324604350372900e-02,0.000000000000000000e+00,4.337903397436010389e-01,0.000000000000000000e+00
6.741958068987168040e-02,0.000000000000000000e+00,4.544977883704805488e-01,2.371696473772665625e-01,8.101717846338524209e-02,0.000000000000000000e+00,1.597312755653954031e-01,0.000000000000000000e+00
1.813991410783520331e-01,0.000000000000000000e+00,1.835718482575684762e-01,6.002313372377527934e-01,2.464233040755664864e-02,0.000000000000000000e+00,1.039114312654688434e-02,0.000000000000000000e+00
1.136750370191300236e-01,0.000000000000000000e+00,2.234398743623029204e-01,5.408225061142407641e-01,1.138955297516805881e-01,0.000000000000000000e+00,8.645327394337605498e-03,0.000000000000000000e+00
1.073109568392516117e-01,0.000000000000000000e+00,1.868892542414208324e-01,5.180366131111792116e-01,1.802780428170460414e-01,0.000000000000000000e+00,7.804835367030578223e-03,7.766131841650042572e-06
1.385051679970432659e-01,0.000000000000000000e+00,8.448760386116482834e-02,4.671808424223325984e-01,2.856645477086488527e-01,0.000000000000000000e+00,5.293527235843033599e-03,1.963407160844569607e-02
9.580328257080716892e-02,0.000000000000000000e+00,6.214027349299985426e-04,2.671462606073637946e-01,4.918701786162557599e-01,0.000000000000000000e+00,3.460725478038926910e-04,1.446090626434072268e-01
0.000000000000000000e+00,1.749266782407475870e-05,5.353624281182046800e-03,3.842939948779508594e-03,5.621813823149623968e-01,0.000000000000000000e+00,1.912113948403898242e-05,4.285859880013589973e-01
2.646707675344811745e-04,3.214582405555513469e-05,2.194496399339743067e-04,3.902476003848137261e-06,5.167864816218247226e-01,0.000000000000000000e+00,0.000000000000000000e+00,4.837779500653143216e-01
0.000000000000000000e+00,0.000000000000000000e+00,0.000000000000000000e+00,0.000000000000000000e+00,4.789364732338333708e-01,0.000000000000000000e+00,0.000000000000000000e+00,5.228723343431219694e-01
6.537475223981911525e-05,2.761295465479981690e-04,3.358930984749297394e-04,0.000000000000000000e+00,4.478899876836798244e-01,2.667450572783119033e-05,0.000000000000000000e+00,5.527958384413018678e-01
0.000000000000000000e+00,2.784385415099646828e-04,0.000000000000000000e+00,0.000000000000000000e+00,4.306786846601938223e-01,5.035999650696989469e-05,0.000000000000000000e+00,5.710044398201814531e-01
6.364021053751959785e-04,1.078076268018428709e-03,8.429617257082200072e-04,0.000000000000000000e+00,4.289215499301347601e-01,2.040037291693047074e-04,5.700879279120951888e-06,5.697306958516212827e-01
0.000000000000000000e+00,6.396813373381390888e-02,1.405068600789476313e-03,0.000000000000000000e+00,3.919708595124020700e-01,2.285415144210101155e-05,2.142152213843566758e-02,5.229859827045256759e-01
2.011343654466841470e-04,1.306517294933123852e-01,5.738831650319792255e-02,2.885847693192579365e-07,2.989196102915901987e-01,4.001955227782645521e-05,6.181405046897981564e-02,4.529035468974567658e-01
0.000000000000000000e+00,6.265043560637974240e-02,1.821437949437123283e-01,1.938386670170795802e-06,2.268826207803301687e-01,3.570564236718248142e-05,6.630067481420437447e-02,4.637353321119668248e-01
1.311828331405417232e-04,4.584026725008264087e-03,2.035932618164100760e-01,1.061016218073770990e-05,1.860736996048069913e-01,0.000000000000000000e+00,5.509851324038580328e-02,5.518743475151217659e-01
0.000000000000000000e+00,4.714729279682787315e-03,7.160833495032652429e-01,1.143228584092921557e-05,2.047112075229955315e-03,0.000000000000000000e+00,5.925728451745405911e-02,2.192209933260963473e-01
1.745725773966549975e-03,2.091014711926625358e-02,5.769599987517527451e-01,3.890792795637123581e-03,4.878116794902720432e-02,0.000000000000000000e+00,7.205445504050324301e-02,2.776680476341422121e-01
4.114347580579250986e-04,5.462626495726446291e-02,2.245939780083975046e-01,1.059784730294139887e-01,0.000000000000000000e+00,0.000000000000000000e+00,2.125606899179123543e-01,4.030734468861972286e-01
2.527331455224163248e-01,1.467728525319939303e-01,1.389827073360036525e-01,1.818286129879618240e-01,0.000000000000000000e+00,0.000000000000000000e+00,8.991875647046593256e-02,1.911445895401973905e-01
3.360913434553383650e-01,1.574171071681852996e-01,1.313806908033314513e-01,1.652495259787483961e-01,2.095944389862574870e-04,0.000000000000000000e+00,9.156908000078434196e-02,1.195264021672277632e-01
4.129936249750066346e-01,2.235598309794946045e-02,1.949457858806130095e-01,1.624150852720276095e-01,6.787100116528594837e-03,0.000000000000000000e+00,6.171566740773665183e-02,1.398100017982774890e-01
5.238178022419223145e-01,3.979727383980997263e-02,1.673044890446108712e-01,1.913736828638289977e-01,3.486927330075331039e-02,0.000000000000000000e+00,6.643963374676337824e-03,3.769326975585953615e-02
6.796669279950292575e-01,0.000000000000000000e+00,1.101331452370752917e-01,1.819889648680246552e-01,2.191251552610064008e-03,0.000000000000000000e+00,5.115051642345066259e-04,2.606477637697986877e-02
7.506342322086979602e-01,0.000000000000000000e+00,4.830763109326611376e-02,5.731651976788221942e-02,1.324780119543836898e-01,0.000000000000000000e+00,3.935780557097378479e-03,8.451006547806803881e-03
7.702733498421119318e-01,5.518698237309473554e-04,2.266270868779025199e-02,8.154756815833811082e-03,1.858820212806668870e-01,0.000000000000000000e+00,6.781413213148263820e-03,7.648680376862324048e-03
8.134815589049553264e-01,0.000000000000000000e+00,4.782251155993458291e-02,0.000000000000000000e+00,1.200195190467841233e-01,0.000000000000000000e+00,1.095793323530247151e-02,1.020856914048091230e-02
7.807270091637988907e-01,0.000000000000000000e+00,7.760751170557320111e-02,1.030840232929866457e-01,1.971124922482978773e-03,0.000000000000000000e+00,1.760469336661403192e-02,1.976979749723516491e-02
5.600817599479207543e-01,2.547934852663926190e-04,2.417135290820310867e-01,1.590667605718644739e-01,1.461668248491687411e-04,0.000000000000000000e+00,1.761152629578930859e-02,2.198281725949336601e-02
1.982585743639729836e-01,0.000000000000000000e+00,5.763307777533435150e-01,1.665313009919266451e-01,0.000000000000000000e+00,0.000000000000000000e+00,4.137479809662548275e-02,1.886600537034029135e-02
2.570389193025511120e-03,2.711365689251943878e-01,5.526928468705134545e-01,1.226230058004438433e-01,2.192857202173717750e-03,3.124701858271338676e-03,4.511541405895948958e-02,3.037573485644994877e-05
2.886351507321371218e-03,2.240747339610184574e-01,2.774530962784657051e-01,3.162361749827396484e-01,0.000000000000000000e+00,3.460242361419337692e-02,1.459066736374511064e-01,3.325831005910976094e-05
0.000000000000000000e+00,1.979130162125078939e-03,2.792950987001799616e-04,4.870940303069637434e-02,0.000000000000000000e+00,5.732795984875216355e-01,3.776767937547812481e-01,2.646865286764952410e-05
1.899420008187854012e-03,5.492952365228990878e-03,5.990123420657347472e-03,3.202735738439381752e-01,7.365135919809703835e-02,3.068796817296466362e-01,2.868706825231769897e-01,2.756478037472900899e-04
9.333786758963603936e-03,1.187733696940844116e-02,1.911368625218425876e-01,4.879689914257389072e-01,1.322324538154668327e-01,1.448174877950658343e-03,3.391722743955136871e-02,1.353806868773393401e-01
4.865480537214719910e-03,1.207277049591119235e-02,3.147631503073523573e-01,4.294492586660469402e-01,6.837281295873159914e-03,2.719351652190162612e-04,9.769680687114586028e-05,2.321153423883273170e-01
8.336248991935127015e-03,1.192566344099108867e-02,5.309775439291340993e-01,2.399735353666026250e-01,2.919357537495507679e-02,0.000000000000000000e+00,3.437215699561186623e-05,1.797564506199128276e-01
4.720197784326704907e-03,7.546353793729878266e-03,7.171491160470262471e-01,1.025333539514115822e-01,3.343113571756498731e-02,0.000000000000000000e+00,3.293865179372255318e-05,1.344854127845961922e-01
4.778475415085856742e-02,0.000000000000000000e+00,8.423424552694387391e-01,2.330661724967146142e-03,7.003050702221180757e-02,0.000000000000000000e+00,8.497106675696379773e-06,3.759558868399865555e-02
3.017951530886707825e-02,0.000000000000000000e+00,7.699970128567026340e-01,1.799428823309558493e-04,5.096590785105152566e-02,0.000000000000000000e+00,1.236951310067129772e-01,2.485646593891022507e-02
6.652427081555219168e-02,0.000000000000000000e+00,5.349115662390285797e-01,1.039241483518620231e-02,9.493440329550142942e-02,0.000000000000000000e+00,2.935040302504283716e-01,4.939270939549671543e-05
7.744089102302212368e-02,3.637833771070840463e-03,2.686953134948193433e-01,1.276794227830972406e-01,9.152278099354171914e-02,0.000000000000000000e+00,4.310328928692875317e-01,4.900831098922237288e-05
5.445915202113294634e-02,8.455411797251799477e-02,2.458468011071758275e-01,1.785518135316062904e-01,1.178149596144683897e-01,0.000000000000000000e+00,3.183992978338512914e-01,1.121014532487133445e-05
3.069825516360767392e-01,0.000000000000000000e+00,2.173432738594988367e-01,1.416487740953031871e-01,3.114130531481691389e-01,0.000000000000000000e+00,0.000000000000000000e+00,2.427644417961912632e-02
1.940566923362363749e-01,3.522658023229519562e-03,2.502677420601476799e-01,9.525926735712349647e-04,3.253380994522972469e-01,0.000000000000000000e+00,0.000000000000000000e+00,2.266854084114242329e-01
1.802976927385796235e-01,2.832815071421974050e-03,2.980004697917846834e-01,1.298500134018792549e-03,2.004979989234809690e-01,0.000000000000000000e+00,0.000000000000000000e+00,3.183669257626947080e-01
2.274768161546381062e-01,1.541367489897567909e-03,2.839876914882312753e-01,1.809302482013269708e-02,8.165920457170892932e-02,0.000000000000000000e+00,0.000000000000000000e+00,3.889917219835490880e-01
1.366482143094913393e-01,2.281388474689755464e-04,2.957502277578045735e-01,1.455751832799532797e-01,1.619807096446659531e-02,0.000000000000000000e+00,0.000000000000000000e+00,4.081311851648320999e-01
2.743584924670688929e-01,1.653497518761068040e-04,1.327197337973561855e-04,1.464049175074904618e-01,1.159997537787815364e-01,0.000000000000000000e+00,0.000000000000000000e+00,4.646156594060533163e-01
2.112845248997765324e-01,1.529357900321557555e-04,0.000000000000000000e+00,1.237430659402504185e-01,2.032150150556336632e-01,4.534815406828282390e-05,0.000000000000000000e+00,4.617448546187652436e-01
1.573155563898588627e-01,1.376086795165829636e-05,0.000000000000000000e+00,1.519456309747741762e-01,2.713629817795910060e-01,7.996039837670483683e-04,0.000000000000000000e+00,4.196234855701015398e-01
1.390428869448692706e-01,0.000000000000000000e+00,0.000000000000000000e+00,2.839872546958599475e-01,2.569407882691222000e-01,3.718294637617368110e-04,0.000000000000000000e+00,3.205647180797173701e-01
1.231691098551428998e-01,0.000000000000000000e+00,0.000000000000000000e+00,3.802420497083091599e-01,2.254178225449616768e-01,1.198566419830206708e-03,0.000000000000000000e+00,2.710533888409487058e-01
1.517257853119683142e-01,0.000000000000000000e+00,0.000000000000000000e+00,4.066790400664234695e-01,2.005452661799491665e-01,7.431528313722759430e-05,0.000000000000000000e+00,2.419439217680804943e-01
2.183372570302461457e-01,0.000000000000000000e+00,0.000000000000000000e+00,3.347895184380050293e-01,2.030420251841181245e-01,9.084874376948542149e-05,1.350633567347973331e-02,2.310310708812522151e-01
2.425046813411778912e-01,0.000000000000000000e+00,0.000000000000000000e+00,2.001881271393713690e-01,2.135624157779241472e-01,0.000000000000000000e+00,4.405681554400391747e-02,3.007400191132418299e-01
2.165226504853749734e-01,0.000000000000000000e+00,0.000000000000000000e+00,6.671435337255246512e-02,1.983987848984505309e-01,0.000000000000000000e+00,5.146747473423232688e-02,4.679483848172927285e-01
1.593288651699820979e-01,0.000000000000000000e+00,0.000000000000000000e+00,0.000000000000000000e+00,1.506577443604247557e-01,0.000000000000000000e+00,4.759611747169060824e-05,6.912195253560563524e-01
7.072141560173103580e-02,0.000000000000000000e+00,2.947608175601059699e-01,0.000000000000000000e+00,7.416672772660790058e-02,0.000000000000000000e+00,1.724373508294929278e-04,5.625610125631830272e-01
6.844002062969188963e-03,0.000000000000000000e+00,9.741425141565319690e-01,0.000000000000000000e+00,1.816092573129768741e-03,4.762988065103136541e-03,2.225067331801155513e-04,1.323886300495727940e-02
1.373610539825397941e-05,0.000000000000000000e+00,9.790598391958392765e-01,0.000000000000000000e+00,0.000000000000000000e+00,1.674172602413165345e-02,6.059018578280050797e-03,2.859786886323226115e-05
3.025773731033575966e-06,0.000000000000000000e+00,9.914956552098390663e-01,0.000000000000000000e+00,0.000000000000000000e+00,0.000000000000000000e+00,1.066561920181214977e-02,1.666151096245109016e-05
2.975720487673780648e-04,2.076739560664903061e-01,7.274913391243968963e-01,6.365598488071592996e-04,8.137777789000045104e-04,2.370826059618483250e-02,4.030453704428414718e-02,1.307051000739671825e-03
0.000000000000000000e+00,7.034453565507896577e-01,1.983893565640214851e-01,0.000000000000000000e+00,0.000000000000000000e+00,9.663300522987310071e-02,0.000000000000000000e+00,3.775760056693955053e-03
0.000000000000000000e+00,8.964997176875388885e-01,0.000000000000000000e+00,2.849178827126777762e-05,0.000000000000000000e+00,1.022519837005797239e-01,0.000000000000000000e+00,3.525993275483859084e-03
0.000000000000000000e+00,9.590604963467452837e-01,0.000000000000000000e+00,0.000000000000000000e+00,0.000000000000000000e+00,4.457245356554113275e-02,0.000000000000000000e+00,0.000000000000000000e+00
0.000000000000000000e+00,6.792594241108348418e-01,0.000000000000000000e+00,0.000000000000000000e+00,0.000000000000000000e+00,5.759841658887342175e-02,0.000000000000000000e+00,2.661003231104693278e-01
8.742702778867045494e-04,4.026502948932571269e-02,0.000000000000000000e+00,2.050092977705851860e-01,1.379074901529043218e-01,1.628048418095722968e-02,0.000000000000000000e+00,6.010361202208667208e-01
0.000000000000000000e+00,3.808104522754862664e-02,0.000000000000000000e+00,1.986602783352407475e-01,2.674878317963812480e-01,0.000000000000000000e+00,0.000000000000000000e+00,4.968014894284625838e-01
2.888073301033767433e-05,1.318099205505246507e-02,0.000000000000000000e+00,1.694795774566163205e-01,3.999538678686501147e-01,0.000000000000000000e+00,0.000000000000000000e+00,4.174981668431999582e-01
2.446654226066199977e-03,0.000000000000000000e+00,0.000000000000000000e+00,1.360768022030039714e-01,5.110469196425733163e-01,2.190280739160375338e-04,0.000000000000000000e+00,3.514409811703165243e-01
9.187241062889985391e-03,0.000000000000000000e+00,0.000000000000000000e+00,6.525430986463170990e-02,6.073115343409483113e-01,0.000000000000000000e+00,0.000000000000000000e+00,3.184478709406532992e-01
1.583212093223572425e-01,0.000000000000000000e+00,0.000000000000000000e+00,7.585724807637030109e-02,5.673954507085747778e-01,3.488984198656861564e-04,0.000000000000000000e+00,1.982948893629398190e-01
2.790985170718747743e-01,0.000000000000000000e+00,0.000000000000000000e+00,1.690247373916177187e-01,4.850897574812432778e-01,3.932740125459245747e-04,0.000000000000000000e+00,6.632529780326928970e-02
2.846393155402816011e-01,0.000000000000000000e+00,0.000000000000000000e+00,1.740275663373609949e-01,4.853164635892279755e-01,2.768656931787756310e-03,0.000000000000000000e+00,5.367264920213043328e-02
2.333263506062414339e-01,0.000000000000000000e+00,0.000000000000000000e+00,1.781829502712478086e-01,4.706999689821754207e-01,1.852466419219504778e-02,0.000000000000000000e+00,9.883324519464355140e-02
1.217360987824397944e-01,3.799461881014020576e-02,0.000000000000000000e+00,1.826643368831697145e-01,3.818497918880928155e-01,1.053029290470848256e-01,0.000000000000000000e+00,1.699454547619930755e-01
7.069803355510103499e-03,2.141811569747858190e-01,0.000000000000000000e+00,2.370090563882403245e-01,2.049954270040996174e-01,7.172692801364194404e-02,0.000000000000000000e+00,2.638927046860166659e-01
1.633222145092648458e-02,1.496621852294750289e-02,5.389952688289821880e-01,2.549901442461340872e-01,1.366165581458042566e-02,0.000000000000000000e+00,0.000000000000000000e+00,1.623574043473726136e-01
7.745159393976355604e-03,2.135592246783831610e-02,2.029504090554397344e-02,5.413983071840865191e-02,1.055319544143050101e-04,9.464979697297053185e-02,7.997243422685288428e-01,2.074656169763440961e-03
0.000000000000000000e+00,0.000000000000000000e+00,0.000000000000000000e+00,0.000000000000000000e+00,0.000000000000000000e+00,9.498733397599535416e-03,9.956341030692505978e-01,0.000000000000000000e+00
